idx,category,prompt,baseline,kl_single_L11,top1_single_L11,top1_band_k6,kl_band_k12,top1_band_k12
0,recall,What is the capital of France?,The capital of France is Paris.,0.022640369832515717,1.0,1.0,18.317277908325195,0.125
1,recall,What is the capital of Japan?,The capital of Japan is Tokyo.,0.038648366928100586,1.0,1.0,14.896111488342285,0.25
2,recall,Who wrote Romeo and Juliet?,Romeo and Juliet was written by the famous English playwright William Shakespeare. It is one of his most famous tragedies and is believed to have been written around,0.08060313761234283,0.90625,0.6875,10.782567977905273,0.28125
3,recall,What is the chemical symbol for gold?,The chemical symbol for gold is Au.,0.12135639786720276,1.0,0.8888888955116272,17.591386795043945,0.2222222238779068
4,recall,How many continents are there?,There are 7 continents in the world. They are:  1. Africa 2. Antarctica 3. Asia 4. Australia 5. Europe,0.13136935234069824,0.96875,0.84375,13.401138305664062,0.3125
5,recall,What is the largest planet in our solar system?,"The largest planet in our solar system is Jupiter. It is a gas giant, known for its massive size and stormy atmosphere. Jupiter has a diameter of approximately",0.11091987788677216,0.875,0.78125,14.415276527404785,0.125
6,recall,What year did World War II end?,"World War II ended in 1945. The war in Europe ended on May 8, 1945, with the formal surrender of Germany, known as",0.11201143264770508,0.96875,0.78125,12.254900932312012,0.28125
7,recall,What is the freezing point of water in Celsius?,The freezing point of water is 0 degrees Celsius (°C).,0.05460191145539284,1.0,0.6666666865348816,14.621344566345215,0.20000001788139343
8,recall,Who painted the Mona Lisa?,The Mona Lisa was painted by the famous Italian artist Leonardo da Vinci.,0.06972413510084152,0.9333333969116211,0.6666666865348816,15.52912712097168,0.0
9,recall,What is the tallest mountain on Earth?,"The tallest mountain on Earth is Mount Everest, which is part of the Himalayas. It stands at a height of 8,848.86 meters (29",0.060916103422641754,0.875,0.75,12.342723846435547,0.1875
10,recall,What language is mainly spoken in Brazil?,The main language spoken in Brazil is Portuguese. It is the official language of the country and is spoken by the vast majority of the population. Brazilian Portuguese has some,0.11957500129938126,0.90625,0.65625,11.734037399291992,0.1875
11,recall,What is the currency of Japan?,The currency of Japan is the Japanese Yen (JPY).,0.062459900975227356,1.0,0.7692307829856873,15.269489288330078,0.1538461595773697
12,recall,How many legs does a spider have?,Spiders have eight legs.,0.28213992714881897,0.8571429252624512,0.5714285969734192,12.978402137756348,0.0
13,recall,Who was the first president of the United States?,"George Washington was the first president of the United States. He served two terms from April 30, 1789, to March 4, 1797",0.05771540105342865,0.9375,0.90625,13.44679069519043,0.28125
14,recall,What is the capital of Australia?,The capital of Australia is Canberra.,0.07098457962274551,1.0,0.875,15.126960754394531,0.25
15,recall,What gas do plants absorb from the air?,Plants absorb carbon dioxide (CO2) from the air.,0.11750030517578125,0.785714328289032,0.6428571939468384,14.529245376586914,0.2857142984867096
16,recall,What is the largest ocean on Earth?,The largest ocean on Earth is the Pacific Ocean. It covers an area of approximately 155.6 million square kilometers (60.1 million square miles) and,0.09045629948377609,1.0,0.625,16.268115997314453,0.09375
17,recall,Who developed the theory of relativity?,The theory of relativity was developed by Albert Einstein. It consists of two main components: special relativity and general relativity.  1. **Special Relativity,0.09000460058450699,0.9375,0.65625,15.474531173706055,0.09375
18,recall,What planet is known as the Red Planet?,The planet known as the Red Planet is Mars.,0.06943625211715698,1.0,0.7272727489471436,15.235543251037598,0.27272728085517883
19,recall,What is the hardest natural substance?,"The hardest natural substance is generally considered to be diamond. It has a Mohs hardness of 10, which is the highest rating on the Mohs scale.",0.0635366141796112,0.9375,0.75,13.098320007324219,0.25
20,reasoning,"If Tom is taller than Sam and Sam is taller than Al, who is shortest?","Based on the information provided, we can conclude the following:  1. Tom is taller than Sam. 2. Sam is taller than Al.  This means that the",0.2515188455581665,0.875,0.6875,12.917428970336914,0.3125
21,reasoning,All roses are flowers and all flowers need water. Do roses need water?,"The statement ""All roses are flowers and all flowers need water"" is a classic example of a syllogism, a form of logical reasoning.   The",0.23171758651733398,0.84375,0.625,11.47382640838623,0.15625
22,reasoning,"If today is Wednesday, what day will it be in three days?","If today is Wednesday, then in three days it will be Saturday.",0.14085935056209564,0.9333333969116211,0.6000000238418579,10.19418716430664,0.2666666805744171
23,reasoning,"A is north of B, and C is south of B. Which is furthest north?","Based on the given information, A is north of B, and C is south of B. This means that A is north of C. Since C is south",0.14507809281349182,0.78125,0.78125,7.959440231323242,0.34375
24,reasoning,"If all cats are mammals and Felix is a cat, what is Felix?","Since all cats are mammals and Felix is a cat, we can conclude that Felix is a mammal.",0.14211583137512207,1.0,0.7727273106575012,11.242446899414062,0.3636363744735718
25,reasoning,Sara is older than Mia but younger than Ben. Who is the oldest?,"We know that Sara is older than Mia, and Mia is not mentioned in relation to Ben. However, we can infer that since Sara is younger than Ben,",0.2578701376914978,0.875,0.5,7.410157680511475,0.28125
26,reasoning,"If the day before yesterday was Monday, what is today?","To find out what day today is, we need to work backwards from the given information.  If the day before yesterday was Monday, that means yesterday was Tuesday.",0.1896533966064453,0.8125,0.5,9.997194290161133,0.21875
27,reasoning,"John is behind Mary in line, and Mary is behind Sue. Who is first?","Since John is behind Mary, and Mary is behind Sue, it means Sue is in front of Mary, and Mary is in front of John. Therefore, Sue",0.12691152095794678,0.90625,0.5625,9.127006530761719,0.3125
28,reasoning,Which weighs more: a kilogram of feathers or a kilogram of iron?,Both a kilogram of feathers and a kilogram of iron weigh the same amount: 1 kilogram. The difference lies in their density and volume. A,0.0656813234090805,0.9375,0.65625,12.017904281616211,0.375
29,reasoning,"Mary's mother has four children: April, May, June, and who?","The answer is ""Mary."" The question states ""Mary's mother has four children,"" so one of those children must be Mary herself.",0.14966559410095215,0.8928571939468384,0.5,10.485918998718262,0.2142857313156128
30,reasoning,"If some birds cannot fly and penguins are birds, can all birds fly?","No, not all birds can fly.  While most birds are capable of flight, there are some bird species that have lost the ability to fly over time due",0.15659190714359283,0.875,0.59375,10.528056144714355,0.34375
31,reasoning,A bat and a ball cost 1.10 dollars. The bat costs 1 dollar more than the ball. How much is the ball?,"Let's denote the cost of the ball as 'x'. Since the bat costs 1 dollar more than the ball, the cost of the bat is 'x",0.10412301868200302,0.9375,0.71875,12.641645431518555,0.46875
32,reasoning,"If you have 3 apples and take away 2, how many do you have?","If you have 3 apples and take away 2, you would have 3 - 2 = 1 apple left.",0.17210471630096436,0.9259259104728699,0.7777777910232544,11.448357582092285,0.3333333432674408
33,reasoning,"If all bloops are razzies and all razzies are lazzies, are all bloops lazzies?","This is a classic example of a syllogism, a form of logical argument.   Given the statements:  1. All bloops are razzies",0.29256290197372437,0.84375,0.5,12.588897705078125,0.3125
34,reasoning,"Rank fastest to slowest: a cheetah, a human, a snail.","Based on their average speeds, here's the ranking from fastest to slowest:  1. Cheetah: Up to 70 miles per hour (113 kilometers",0.09393660724163055,0.90625,0.5625,15.67624568939209,0.1875
35,reasoning,"If it is raining, the ground is wet. The ground is dry. Is it raining?","This is a classic example of a logical fallacy known as ""denying the antecedent."" The conclusion does not logically follow from the premises.  The premises",0.21563543379306793,0.8125,0.65625,11.888047218322754,0.25
36,reasoning,A clock shows 3:00. What time is it 5 hours later?,"To find the time 5 hours later, we need to add 5 hours to 3:00.   3:00 + 5 hours =",0.07197530567646027,0.9375,0.75,11.7913818359375,0.40625
37,reasoning,There are 5 houses in a row. The red house is third. How many houses are after it?,"Since the red house is third, there are two houses before it and three houses after it.",0.3841639459133148,0.8500000238418579,0.6000000238418579,9.631499290466309,0.25
38,reasoning,"If Anna is twice as old as Ben and Ben is 6, how old is Anna?","To find Anna's age, we need to multiply Ben's age by 2, since Anna is twice as old as Ben.   Ben's age is",0.19528858363628387,0.9375,0.6875,14.553632736206055,0.34375
39,reasoning,"Which is furthest from the sun: Earth, Mars, or Mercury?","The order of the planets from the Sun, based on their average distance, is:  1. Mercury 2. Venus 3. Earth 4. Mars",0.12288367748260498,0.875,0.78125,10.008935928344727,0.25
40,math,What is 17 plus 25?,17 + 25 = 42.,0.34579864144325256,0.8888888955116272,0.6666666865348816,18.8549747467041,0.2222222238779068
41,math,What is 9 times 8?,9 times 8 is 72.,0.1144106388092041,1.0,0.8888888955116272,16.97475814819336,0.1111111119389534
42,math,What is 144 divided by 12?,144 divided by 12 is 12.,0.05159393697977066,1.0,0.9000000357627869,13.819973945617676,0.4000000059604645
43,math,What is 100 minus 37?,100 - 37 = 63.,0.374327152967453,0.7777777910232544,0.6666666865348816,16.76009750366211,0.2222222238779068
44,math,What is 15 percent of 200?,"To find 15 percent of 200, you can multiply 200 by 0.15 (since 15 percent is the same as 15/100",0.08715707808732986,0.9375,0.53125,16.497726440429688,0.25
45,math,A farmer has 3 cows and buys 2 more. How many cows are there now?,"To find the total number of cows, we need to add the initial number of cows to the number of cows the farmer bought.  Initial number of cows:",0.16640549898147583,0.90625,0.625,13.7716703414917,0.34375
46,math,What is the square root of 81?,The square root of 81 is 9.,0.045092009007930756,1.0,1.0,16.155160903930664,0.1818181872367859
47,math,"If a book costs 12 dollars and you buy 4, what is the total?","To find the total cost, you need to multiply the cost of one book by the number of books you bought.  Cost of one book: $12 Number",0.09090258181095123,1.0,0.625,15.037595748901367,0.1875
48,math,What is 7 squared?,7 squared is 7 × 7 = 49.,0.30384311079978943,0.8461538553237915,0.692307710647583,14.522591590881348,0.23076924681663513
49,math,How many minutes are in 3 hours?,"There are 60 minutes in 1 hour. To find the number of minutes in 3 hours, multiply 60 by 3.  60 minutes/hour",0.13055866956710815,0.875,0.6875,12.559995651245117,0.375
50,math,What is 250 plus 250?,250 + 250 = 500.,0.44206902384757996,0.7777777910232544,0.7777777910232544,19.2772159576416,0.2222222238779068
51,math,"If you split 20 candies among 4 kids, how many each?","To find out how many candies each kid will get, we need to divide the total number of candies (20) by the number of kids (4).  20",0.01807171292603016,1.0,0.8125,15.872867584228516,0.21875
52,math,What is 1000 divided by 8?,1000 divided by 8 is 125.,0.04756366088986397,1.0,0.8181818723678589,15.4840087890625,0.27272728085517883
53,math,A rectangle is 5 by 8. What is its area?,"To find the area of a rectangle, you multiply its length by its width.   Length (L) = 8 Width (W) = 5",0.2081913948059082,0.9375,0.65625,16.268474578857422,0.21875
54,math,What is 2 to the power of 5?,2 to the power of 5 is calculated as follows:  2^5 = 2 * 2 * 2 * 2 * 2 =,0.19308781623840332,0.875,0.6875,14.138867378234863,0.25
55,math,What is the sum of the first 5 positive integers?,"The first 5 positive integers are 1, 2, 3, 4, and 5.   To find the sum, we can add",0.15131092071533203,0.9375,0.78125,17.465587615966797,0.46875
56,math,"If a train goes 60 km in 1.5 hours, what is its average speed?","To find the average speed of the train, we need to divide the distance it traveled by the time it took to travel that distance.  Distance = 60 km",0.05657313019037247,0.96875,0.78125,15.163230895996094,0.28125
57,math,What is 45 plus 55 plus 100?,"To find the answer, I'll add the numbers together:  45 + 55 = 100 100 + 100 = 200  The final answer is",0.13987316191196442,1.0,0.65625,16.199626922607422,0.21875
58,math,How many seconds are in 5 minutes?,"There are 60 seconds in 1 minute. To find the number of seconds in 5 minutes, multiply 60 by 5.  60 seconds/minute",0.09973251074552536,0.90625,0.71875,12.82547378540039,0.3125
59,math,What is one third of 90?,"To find one third of 90, you can divide 90 by 3.  90 / 3 = 30  So, one third of 90",0.1487857699394226,0.875,0.6875,16.788732528686523,0.1875
60,translation,Translate 'good morning' into Spanish.,The translation of 'good morning' into Spanish is 'buenos días'.,0.09876619279384613,0.9411764740943909,0.6470588445663452,15.858834266662598,0.11764705926179886
61,translation,Translate 'thank you' into French.,"The translation of ""thank you"" in French is ""merci"".",0.1386338621377945,1.0,0.7333333492279053,16.623249053955078,0.13333334028720856
62,translation,Translate 'hello' into German.,The translation of 'hello' into German is 'Hallo'.,0.12111819535493851,0.8461538553237915,0.5384615659713745,15.561929702758789,0.1538461595773697
63,translation,Translate 'goodbye' into Italian.,"The translation of ""goodbye"" into Italian is ""arrivederci.""",0.04897548258304596,1.0,0.7058823704719543,15.554434776306152,0.11764705926179886
64,translation,How do you say 'water' in Spanish?,"The word for 'water' in Spanish is ""agua"".",0.10636525601148605,0.9230769872665405,0.6153846383094788,14.656614303588867,0.1538461595773697
65,translation,Translate 'I love you' into French.,"The translation of ""I love you"" in French is ""Je t'aime.""",0.09069545567035675,0.944444477558136,0.6666666865348816,16.77714729309082,0.2222222238779068
66,translation,Translate 'cat' into German.,"The German translation of ""cat"" is ""Katze"".",0.14878466725349426,0.8461538553237915,0.5384615659713745,17.52996826171875,0.23076924681663513
67,translation,Translate 'friend' into Spanish.,"The translation of ""friend"" into Spanish is ""amigo"".",0.15639834105968475,1.0,0.7142857313156128,14.990779876708984,0.1428571492433548
68,translation,Translate 'book' into French.,The translation of 'book' into French is 'livre'.,0.11719251424074173,0.9285714626312256,0.6428571939468384,16.555810928344727,0.1428571492433548
69,translation,Translate 'house' into German.,"The German translation of ""house"" is ""Haus"".",0.23820766806602478,0.9230769872665405,0.5384615659713745,18.241287231445312,0.23076924681663513
70,translation,Translate 'red' into Spanish.,The translation of 'red' into Spanish is 'rojo' (masculine) or 'roja' (feminine).,0.2120608687400818,0.931034505367279,0.6896551847457886,14.904817581176758,0.24137930572032928
71,translation,How do you say 'welcome' in Italian?,"In Italian, you can say ""welcome"" in several ways, depending on the context and the level of formality. Here are a few options:  1.",0.13887211680412292,0.9375,0.71875,12.42265510559082,0.21875
72,translation,Translate 'dog' into French.,The French translation of 'dog' is 'chien'.,0.08717650920152664,1.0,0.6153846383094788,17.862131118774414,0.1538461595773697
73,translation,Translate 'sun' into Spanish.,The translation of 'sun' into Spanish is 'sol'.,0.17175033688545227,1.0,0.5384615659713745,16.039657592773438,0.1538461595773697
74,translation,How do you say 'no' in German?,"In German, the word for ""no"" is ""nein.""",0.21440085768699646,0.8666667342185974,0.7333333492279053,13.083016395568848,0.2666666805744171
75,translation,Translate 'happy' into French.,"The French translation of ""happy"" is ""heureux"" (masculine) or ""heureuse"" (feminine).",0.16483817994594574,0.9285714626312256,0.6428571939468384,16.311176300048828,0.1428571492433548
76,translation,Translate 'school' into Spanish.,The translation of 'school' into Spanish is 'escuela'.,0.15982908010482788,1.0,0.5,16.554332733154297,0.0714285746216774
77,translation,How do you say 'family' in Italian?,"In Italian, the word for ""family"" is ""famiglia"".",0.22268453240394592,0.9375,0.75,14.586590766906738,0.1875
78,translation,Translate 'morning' into German.,"The German translation of ""morning"" is ""Morgen"".",0.2017950713634491,0.9285714626312256,0.5714285969734192,17.260528564453125,0.2142857313156128
79,translation,Translate 'love' into Spanish.,The translation of 'love' into Spanish is 'amor'.,0.3687821924686432,0.9285714626312256,0.5714285969734192,15.613383293151855,0.1428571492433548
80,creative,Write a one-line metaphor for time.,"Time is a river, constantly flowing and carrying us along its unpredictable currents, yet always moving towards a distant, unseen horizon.",0.37652260065078735,0.7307692766189575,0.42307692766189575,10.377415657043457,0.07692307978868484
81,creative,Write a haiku about the ocean.,Deep blue waves crash free Seagulls soar on windy days Ocean's endless song,0.9148698449134827,0.6842105388641357,0.5263158082962036,12.484307289123535,0.05263157933950424
82,creative,Give a creative name for a coffee shop.,Here are a few creative name ideas for a coffee shop:  1. **Brewed Awakening**: This name suggests that a cup of coffee is just what you,0.08869779109954834,0.84375,0.65625,13.979913711547852,0.28125
83,creative,Describe the color blue to someone who cannot see.,"Describing colors to someone who cannot see can be a bit challenging, but I'll try to use sensory language to help you imagine the color blue.  Blue is",0.08838830888271332,0.9375,0.6875,12.748068809509277,0.1875
84,creative,Write a one-sentence story about a lonely robot.,"As the last rays of sunlight faded from the desolate factory floor, a lone robot named Zeta stood motionless, its bright blue circuits glowing softly in the",0.07488712668418884,0.96875,0.5625,10.833499908447266,0.25
85,creative,Invent a name for a new planet.,"Let's call the new planet ""Nyxoria"". The name is derived from the Greek word ""nyx,"" meaning night, and the Latin suffix ""-oria",0.14472489058971405,0.9375,0.625,12.550469398498535,0.28125
86,creative,Write a short slogan for a bakery.,"""Rise to the Occasion, One Loaf at a Time.""",0.5055567026138306,0.6875,0.5625,14.932061195373535,0.0625
87,creative,Describe autumn in one poetic sentence.,"Autumn's vibrant tapestry unfurls, a kaleidoscope of golden hues, fiery oranges, and crimson reds, as nature's final dance before winter",0.2492552548646927,0.8125,0.59375,13.811749458312988,0.21875
88,creative,Write a two-line rhyme about the moon.,"The moon glows bright in the midnight sky, A silver crescent, passing by.",0.5361585021018982,0.7894737124443054,0.6842105388641357,14.26399040222168,0.10526315867900848
89,creative,Come up with a metaphor for the internet.,"Here's a metaphor for the internet:  The internet is like a vast, ever-changing library with an infinite number of shelves, each containing a book that is constantly",0.1721607893705368,0.875,0.5625,11.24950122833252,0.125
90,creative,Write a one-sentence bedtime story.,"As the moon rose high in the starry sky, a gentle fairy named Luna descended upon a peaceful forest, sprinkling magical dust that caused the trees to whisper",0.1245127022266388,0.875,0.46875,12.155876159667969,0.09375
91,creative,Give a creative title for a book about dragons.,"Here are a few creative title options for a book about dragons:  1. ""Emberborn: A Tale of Dragonfire and Destiny"" 2. ""The",0.08663251250982285,0.9375,0.65625,16.085529327392578,0.21875
92,creative,Describe silence using a metaphor.,"Silence is like a still pond on a windless day. The water's surface is calm and unruffled, reflecting the sky above with perfect clarity. Not",0.1475609540939331,0.90625,0.625,11.712862014770508,0.21875
93,creative,Write a motivational one-liner.,"""Believe in yourself, take the leap, and watch your dreams become the reality that propels you forward.""",0.463505357503891,0.7916666865348816,0.5416666865348816,11.462850570678711,0.125
94,creative,Invent a mythical creature and give it a name.,"I'd like to introduce you to the ""Luminawing"" (pronounced loo-mee-NAH-wing).  The Luminawing is",0.272352933883667,0.875,0.625,16.5499267578125,0.125
95,creative,Write a short caption for a sunset photo.,"""Painting the sky with hues of gold, a breathtaking sunset to end the day.""",0.8668580651283264,0.8421052694320679,0.5789473652839661,10.684337615966797,0.15789473056793213
96,creative,Describe happiness without using the word happy.,A state of profound contentment and well-being can be characterized by a sense of inner peace and joy. It's a feeling that arises from a deep connection to,0.17323708534240723,0.875,0.625,8.048951148986816,0.21875
97,creative,Write a one-line joke about computers.,Why did the computer go to the doctor? It had a virus.,0.15853437781333923,1.0,0.8000000715255737,13.15394401550293,0.20000001788139343
98,creative,Come up with a band name for a jazz trio.,Here are a few suggestions for a jazz trio band name:  1. **Midnight Melodies**: This name evokes the idea of a trio that comes together,0.11555267870426178,0.84375,0.53125,13.624645233154297,0.1875
99,creative,Write a poetic line about rain.,"""Droplets of serenity fall from the sky, a soothing melody to the earth below.""",0.29523077607154846,0.9000000357627869,0.550000011920929,10.091649055480957,0.25
