prompt_id,category,removed,n_tokens,n_words,len_ratio,stopped_early,divergence_tok,diverged,prefix_frac,uni_f1,big_f1,distinct_1,distinct_2,distinct_3,loop_onset,looped_frac,ttr,mean_sent_len,py_parse_frac
code_00,code,0,1024,750,1.0,0.0,0,0.0,1.0,1.0,1.0,0.1943359375,0.39589442815249265,0.5166340508806262,698,0.7001953125,0.232,11.323529411764707,1.0
code_00,code,1,1024,753,1.0,0.0,171,1.0,0.1669921875,0.80078125,0.6871945259042033,0.2255859375,0.4604105571847507,0.6037181996086106,381,0.533203125,0.2775564409030544,9.426829268292684,1.0
code_00,code,2,1024,827,1.0,0.0,171,1.0,0.1669921875,0.630859375,0.458455522971652,0.2109375,0.42130987292277616,0.5244618395303327,380,0.6494140625,0.2370012091898428,16.607843137254903,1.0
code_00,code,3,1024,750,1.0,0.0,449,1.0,0.4384765625,0.998046875,0.9921798631476052,0.1943359375,0.39589442815249265,0.5166340508806262,698,0.7001953125,0.232,11.323529411764707,1.0
code_01,code,0,1024,509,1.0,0.0,0,0.0,1.0,1.0,1.0,0.154296875,0.3362658846529814,0.449119373776908,723,0.6611328125,0.29273084479371314,5.679245283018868,1.0
code_01,code,1,1024,490,1.0,0.0,439,1.0,0.4287109375,0.9609375,0.9550342130987293,0.1396484375,0.3118279569892473,0.4178082191780822,681,0.73828125,0.27755102040816326,5.435185185185185,1.0
code_01,code,2,1024,506,1.0,0.0,439,1.0,0.4287109375,0.9697265625,0.9599217986314761,0.1435546875,0.3225806451612903,0.4334637964774951,708,0.6904296875,0.27865612648221344,5.660377358490566,1.0
code_01,code,3,1024,491,1.0,0.0,439,1.0,0.4287109375,0.9599609375,0.9491691104594331,0.1396484375,0.31573802541544477,0.4217221135029354,684,0.7353515625,0.2790224032586558,5.485981308411215,1.0
code_02,code,0,1024,815,1.0,0.0,0,0.0,1.0,1.0,1.0,0.181640625,0.34017595307917886,0.3933463796477495,506,0.6875,0.19141104294478528,16.79591836734694,1.0
code_02,code,1,1024,649,1.0,0.0,261,1.0,0.2548828125,0.48828125,0.32453567937438904,0.1904296875,0.38220918866080156,0.4589041095890411,365,0.5947265625,0.2526964560862866,16.29268292682927,1.0
code_02,code,2,1024,727,1.0,0.0,261,1.0,0.2548828125,0.51171875,0.32746823069403713,0.2373046875,0.5043988269794721,0.6252446183953033,368,0.33203125,0.29573590096286106,17.761904761904763,1.0
code_02,code,3,1024,812,1.0,0.0,267,1.0,0.2607421875,0.984375,0.9775171065493646,0.185546875,0.3479960899315738,0.40313111545988256,517,0.6767578125,0.19458128078817735,16.755102040816325,1.0
code_03,code,0,1024,720,1.0,0.0,0,0.0,1.0,1.0,1.0,0.2236328125,0.5376344086021505,0.7103718199608611,1024,0.14453125,0.2875,28.92,1.0
code_03,code,1,1024,707,1.0,0.0,0,1.0,0.0,0.5849609375,0.3489736070381232,0.2041015625,0.4310850439882698,0.525440313111546,415,0.7744140625,0.24045261669024046,20.970588235294116,1.0
code_03,code,2,1024,705,1.0,0.0,0,1.0,0.0,0.54296875,0.26588465298142716,0.1806640625,0.38025415444770283,0.45792563600782776,545,0.97265625,0.21843971631205675,22.28125,1.0
code_03,code,3,1024,723,1.0,0.0,0,1.0,0.0,0.6005859375,0.3597262952101662,0.244140625,0.5259042033235581,0.6301369863013698,415,0.5556640625,0.2959889349930844,19.13157894736842,1.0
code_04,code,0,1024,679,1.0,0.0,0,0.0,1.0,1.0,1.0,0.2333984375,0.4555229716520039,0.5782778864970646,711,0.3466796875,0.3078055964653903,26.26923076923077,1.0
code_04,code,1,1024,707,1.0,0.0,2,1.0,0.001953125,0.4892578125,0.24340175953079177,0.21484375,0.4222873900293255,0.5185909980430529,322,0.5625,0.27722772277227725,13.584905660377359,1.0
code_04,code,2,1024,709,1.0,0.0,2,1.0,0.001953125,0.19140625,0.06451612903225806,0.1298828125,0.1935483870967742,0.2299412915851272,392,0.77734375,0.1368124118476728,12.224137931034482,1.0
code_04,code,3,1024,770,1.0,0.0,3,1.0,0.0029296875,0.3115234375,0.09481915933528837,0.2333984375,0.46236559139784944,0.586105675146771,566,0.3916015625,0.2649350649350649,12.741935483870968,1.0
code_05,code,0,1024,741,1.0,0.0,0,0.0,1.0,1.0,1.0,0.1201171875,0.21114369501466276,0.25929549902152643,346,0.8662109375,0.1349527665317139,10.8,1.0
code_05,code,1,1024,716,1.0,0.0,56,1.0,0.0546875,0.828125,0.7253176930596286,0.123046875,0.22678396871945258,0.27788649706457924,377,0.859375,0.15502793296089384,14.153846153846153,1.0
code_05,code,2,1024,716,1.0,0.0,56,1.0,0.0546875,0.828125,0.7253176930596286,0.123046875,0.22678396871945258,0.27788649706457924,377,0.859375,0.15502793296089384,14.153846153846153,1.0
code_05,code,3,1024,738,1.0,0.0,31,1.0,0.0302734375,0.6796875,0.4496578690127077,0.162109375,0.30791788856304986,0.38454011741682975,519,0.751953125,0.1991869918699187,12.966101694915254,1.0
code_06,code,0,1024,781,1.0,0.0,0,0.0,1.0,1.0,1.0,0.1708984375,0.30791788856304986,0.36007827788649704,460,0.701171875,0.17541613316261204,12.838709677419354,1.0
code_06,code,1,1024,411,1.0,0.0,83,1.0,0.0810546875,0.2431640625,0.1300097751710655,0.3037109375,0.5180840664711632,0.5968688845401174,900,0.2958984375,0.5547445255474452,13.21875,1.0
code_06,code,2,1024,339,1.0,0.0,87,1.0,0.0849609375,0.2724609375,0.1681329423264907,0.1298828125,0.22580645161290322,0.27495107632093935,283,0.798828125,0.31268436578171094,16.285714285714285,1.0
code_06,code,3,1024,375,1.0,0.0,2,1.0,0.001953125,0.189453125,0.051808406647116334,0.1787109375,0.3479960899315738,0.4637964774951076,1024,0.2744140625,0.5333333333333333,18.95,0.2857142857142857
code_07,code,0,1024,490,1.0,0.0,0,0.0,1.0,1.0,1.0,0.3310546875,0.6793743890518084,0.8483365949119374,1024,0.0,0.6204081632653061,6.558139534883721,1.0
code_07,code,1,1024,391,1.0,0.0,171,1.0,0.1669921875,0.4013671875,0.29521016617790813,0.2802734375,0.5141739980449658,0.5753424657534246,787,0.359375,0.5754475703324808,15.307692307692308,1.0
code_07,code,2,1024,668,1.0,0.0,7,1.0,0.0068359375,0.44140625,0.17008797653958943,0.2431640625,0.4633431085043988,0.5401174168297456,665,0.763671875,0.3068862275449102,14.826086956521738,1.0
code_07,code,3,1024,796,1.0,0.0,7,1.0,0.0068359375,0.40625,0.15542521994134897,0.3046875,0.6119257086999023,0.7201565557729941,875,0.3603515625,0.36180904522613067,21.64864864864865,1.0
code_08,code,0,1024,635,1.0,0.0,0,0.0,1.0,1.0,1.0,0.185546875,0.36363636363636365,0.4334637964774951,409,0.6552734375,0.2283464566929134,15.023255813953488,1.0
code_08,code,1,1024,673,1.0,0.0,51,1.0,0.0498046875,0.6328125,0.4838709677419355,0.1767578125,0.3421309872922776,0.4080234833659491,376,0.654296875,0.20950965824665677,9.971428571428572,1.0
code_08,code,2,1024,756,1.0,0.0,0,1.0,0.0,0.3359375,0.10557184750733138,0.1025390625,0.17497556207233628,0.23679060665362034,357,0.90625,0.12433862433862433,15.75,1.0
code_08,code,3,1024,596,1.0,0.0,377,1.0,0.3681640625,0.7763671875,0.6901270772238515,0.18359375,0.33822091886608013,0.39628180039138944,405,0.94140625,0.22483221476510068,15.538461538461538,1.0
code_09,code,0,1024,610,1.0,0.0,0,0.0,1.0,1.0,1.0,0.1416015625,0.21114369501466276,0.22798434442270057,271,1.0,0.16065573770491803,10.879310344827585,1.0
code_09,code,1,1024,597,1.0,0.0,151,1.0,0.1474609375,0.5966796875,0.4222873900293255,0.2138671875,0.4056695992179863,0.5048923679060665,674,0.689453125,0.2847571189279732,11.903846153846153,1.0
code_09,code,2,1024,862,1.0,0.0,11,1.0,0.0107421875,0.291015625,0.18279569892473116,0.1796875,0.29227761485826004,0.324853228962818,506,0.7138671875,0.15661252900232017,16.358490566037737,1.0
code_09,code,3,1024,850,1.0,0.0,11,1.0,0.0107421875,0.310546875,0.21505376344086022,0.181640625,0.2873900293255132,0.3219178082191781,468,0.6904296875,0.16,15.833333333333334,1.0
code_10,code,0,1024,644,1.0,0.0,0,0.0,1.0,1.0,1.0,0.2080078125,0.3978494623655914,0.5342465753424658,836,0.4638671875,0.2826086956521739,10.777777777777779,1.0
code_10,code,1,1024,645,1.0,0.0,55,1.0,0.0537109375,0.78125,0.6656891495601173,0.201171875,0.38807429130009774,0.5313111545988258,746,0.3759765625,0.27906976744186046,10.625,1.0
code_10,code,2,1024,715,1.0,0.0,44,1.0,0.04296875,0.5341796875,0.364613880742913,0.2041015625,0.4398826979472141,0.5724070450097848,915,0.3369140625,0.26713286713286716,11.841269841269842,1.0
code_10,code,3,1024,640,1.0,0.0,321,1.0,0.3134765625,0.771484375,0.6529814271749755,0.1962890625,0.38514173998044965,0.525440313111546,1024,0.3955078125,0.271875,10.227272727272727,1.0
code_11,code,0,1024,630,1.0,0.0,0,0.0,1.0,1.0,1.0,0.2158203125,0.386119257086999,0.4461839530332681,540,0.7509765625,0.2904761904761905,16.512820512820515,1.0
code_11,code,1,1024,763,1.0,0.0,3,1.0,0.0029296875,0.359375,0.10557184750733138,0.2421875,0.533724340175953,0.700587084148728,304,0.1640625,0.29226736566186107,23.875,1.0
code_11,code,2,1024,791,1.0,0.0,2,1.0,0.001953125,0.3779296875,0.11143695014662756,0.2822265625,0.5933528836754643,0.7309197651663405,726,0.1923828125,0.33375474083438683,23.352941176470587,1.0
code_11,code,3,1024,783,1.0,0.0,3,1.0,0.0029296875,0.4296875,0.21896383186705767,0.2197265625,0.42130987292277616,0.5303326810176126,779,0.45703125,0.24648786717752236,14.436363636363636,1.0
code_12,code,0,1024,793,1.0,0.0,0,0.0,1.0,1.0,1.0,0.1533203125,0.26588465298142716,0.324853228962818,409,0.767578125,0.1664564943253468,18.837209302325583,1.0
code_12,code,1,1024,793,1.0,0.0,445,1.0,0.4345703125,0.9765625,0.9608993157380255,0.15234375,0.2649071358748778,0.3238747553816047,409,0.751953125,0.1664564943253468,18.837209302325583,1.0
code_12,code,2,1024,737,1.0,0.0,174,1.0,0.169921875,0.73828125,0.5884652981427175,0.1640625,0.2883675464320626,0.3385518590998043,454,0.9990234375,0.18317503392130258,13.137931034482758,1.0
code_12,code,3,1024,522,1.0,0.0,174,1.0,0.169921875,0.3896484375,0.32649071358748777,0.3427734375,0.6451612903225806,0.8884540117416829,1024,0.109375,0.6245210727969349,2.4136363636363636,1.0
code_13,code,0,1024,821,1.0,0.0,0,0.0,1.0,1.0,1.0,0.1865234375,0.3724340175953079,0.487279843444227,765,0.447265625,0.21559074299634592,22.805555555555557,1.0
code_13,code,1,1024,736,1.0,0.0,288,1.0,0.28125,0.5361328125,0.40078201368523947,0.1630859375,0.31378299120234604,0.3953033268101761,562,0.5556640625,0.19972826086956522,15.659574468085106,1.0
code_13,code,2,1024,617,1.0,0.0,288,1.0,0.28125,0.57421875,0.4574780058651026,0.2041015625,0.4095796676441838,0.5215264187866928,562,0.6162109375,0.2917341977309562,22.142857142857142,1.0
code_13,code,3,1024,784,1.0,0.0,357,1.0,0.3486328125,0.64453125,0.48778103616813295,0.2109375,0.41544477028348,0.5146771037181996,703,0.4697265625,0.24872448979591838,19.6,1.0
code_14,code,0,1024,771,1.0,0.0,0,0.0,1.0,1.0,1.0,0.1943359375,0.34408602150537637,0.3943248532289628,292,0.890625,0.22568093385214008,11.485714285714286,1.0
code_14,code,1,1024,771,1.0,0.0,1024,0.0,1.0,1.0,1.0,0.1943359375,0.34408602150537637,0.3943248532289628,292,0.890625,0.22568093385214008,11.485714285714286,1.0
code_14,code,2,1024,872,1.0,0.0,269,1.0,0.2626953125,0.56640625,0.37341153470185723,0.2900390625,0.6236559139784946,0.7847358121330724,697,0.201171875,0.3348623853211009,17.313725490196077,1.0
code_14,code,3,1024,788,1.0,0.0,14,1.0,0.013671875,0.2939453125,0.05278592375366569,0.1650390625,0.2854349951124145,0.34148727984344424,510,0.6630859375,0.1802030456852792,22.514285714285716,1.0
code_15,code,0,1024,878,1.0,0.0,0,0.0,1.0,1.0,1.0,0.1640625,0.2913000977517107,0.34148727984344424,339,0.755859375,0.16856492027334852,16.641509433962263,1.0
code_15,code,1,1024,707,1.0,0.0,7,1.0,0.0068359375,0.2216796875,0.04007820136852395,0.185546875,0.3831867057673509,0.48532289628180036,466,0.763671875,0.2333804809052334,23.06451612903226,1.0
code_15,code,2,1024,809,1.0,0.0,7,1.0,0.0068359375,0.28125,0.05278592375366569,0.1591796875,0.34506353861192574,0.4452054794520548,639,0.5615234375,0.17799752781211373,21.972972972972972,1.0
code_15,code,3,1024,603,1.0,0.0,261,1.0,0.2548828125,0.36328125,0.2668621700879765,0.203125,0.3597262952101662,0.42759295499021527,330,0.7236328125,0.28192371475953565,15.463414634146341,1.0
code_16,code,0,1024,585,1.0,0.0,0,0.0,1.0,1.0,1.0,0.080078125,0.11339198435972629,0.136986301369863,183,0.9580078125,0.10085470085470086,9.376811594202898,1.0
code_16,code,1,1024,585,1.0,0.0,1024,0.0,1.0,1.0,1.0,0.080078125,0.11339198435972629,0.136986301369863,183,0.9580078125,0.10085470085470086,9.376811594202898,1.0
code_16,code,2,1024,582,1.0,0.0,1,1.0,0.0009765625,0.875,0.823069403714565,0.0791015625,0.11730205278592376,0.14285714285714285,190,0.9609375,0.09965635738831616,9.582089552238806,1.0
code_16,code,3,1024,582,1.0,0.0,1,1.0,0.0009765625,0.875,0.823069403714565,0.0791015625,0.11730205278592376,0.14285714285714285,190,0.9609375,0.09965635738831616,9.582089552238806,1.0
code_17,code,0,1024,671,1.0,0.0,0,0.0,1.0,1.0,1.0,0.2255859375,0.46529814271749753,0.5919765166340509,841,0.4189453125,0.30700447093889716,11.898305084745763,1.0
code_17,code,1,1024,703,1.0,0.0,16,1.0,0.015625,0.5244140625,0.2678396871945259,0.224609375,0.4115347018572825,0.5185909980430529,847,0.5673828125,0.27880512091038406,13.98076923076923,1.0
code_17,code,2,1024,579,1.0,0.0,550,1.0,0.537109375,0.6640625,0.5845552297165201,0.1640625,0.3313782991202346,0.4354207436399217,661,0.5908203125,0.24870466321243523,10.338983050847459,1.0
code_17,code,3,1024,460,1.0,0.0,6,1.0,0.005859375,0.232421875,0.06842619745845552,0.1982421875,0.4310850439882698,0.5714285714285714,218,0.357421875,0.4,6.1477272727272725,1.0
code_18,code,0,1024,851,1.0,0.0,0,0.0,1.0,1.0,1.0,0.1201171875,0.20527859237536658,0.24168297455968688,104,0.9345703125,0.12573443008225618,15.105263157894736,1.0
code_18,code,1,1024,856,1.0,0.0,128,1.0,0.125,0.6484375,0.4574780058651026,0.1083984375,0.19452590420332355,0.23972602739726026,104,0.8837890625,0.11799065420560748,15.851851851851851,1.0
code_18,code,2,1024,866,1.0,0.0,243,1.0,0.2373046875,0.8662109375,0.8044965786901271,0.1044921875,0.17888563049853373,0.20743639921722112,104,0.9345703125,0.10739030023094688,18.041666666666668,1.0
code_18,code,3,1024,889,1.0,0.0,124,1.0,0.12109375,0.4775390625,0.2873900293255132,0.1337890625,0.2541544477028348,0.3150684931506849,104,0.8466796875,0.13948256467941508,15.596491228070175,1.0
code_19,code,0,1024,784,1.0,0.0,0,0.0,1.0,1.0,1.0,0.21484375,0.42717497556207235,0.5058708414872799,593,0.60546875,0.2423469387755102,15.745098039215685,1.0
code_19,code,1,1024,674,1.0,0.0,25,1.0,0.0244140625,0.5234375,0.3069403714565005,0.2060546875,0.364613880742913,0.4070450097847358,476,1.0,0.2626112759643917,9.743243243243244,1.0
code_19,code,2,1024,792,1.0,0.0,0,1.0,0.0,0.33203125,0.09970674486803519,0.19140625,0.37145650048875856,0.4589041095890411,671,0.62109375,0.21338383838383837,22.685714285714287,1.0
code_19,code,3,1024,804,1.0,0.0,0,1.0,0.0,0.2958984375,0.0635386119257087,0.1962890625,0.4027370478983382,0.5058708414872799,724,0.5126953125,0.22139303482587064,18.837209302325583,1.0
explain_00,explain,0,1024,946,1.0,0.0,0,0.0,1.0,1.0,1.0,0.0126953125,0.013685239491691105,0.0136986301369863,33,0.9990234375,0.011627906976744186,11.974683544303797,
explain_00,explain,1,1024,946,1.0,0.0,1024,0.0,1.0,1.0,1.0,0.0126953125,0.013685239491691105,0.0136986301369863,33,0.9990234375,0.011627906976744186,11.974683544303797,
explain_00,explain,2,1024,946,1.0,0.0,1024,0.0,1.0,1.0,1.0,0.0126953125,0.013685239491691105,0.0136986301369863,33,0.9990234375,0.011627906976744186,11.974683544303797,
explain_00,explain,3,1024,946,1.0,0.0,1024,0.0,1.0,1.0,1.0,0.0126953125,0.013685239491691105,0.0136986301369863,33,0.9990234375,0.011627906976744186,11.974683544303797,
explain_01,explain,0,1024,857,1.0,0.0,0,0.0,1.0,1.0,1.0,0.1005859375,0.19550342130987292,0.23581213307240703,324,1.0,0.11435239206534423,20.902439024390244,
explain_01,explain,1,1024,855,1.0,0.0,8,1.0,0.0078125,0.61328125,0.4467253176930596,0.1728515625,0.33724340175953077,0.4178082191780822,380,0.8125,0.19298245614035087,18.19148936170213,
explain_01,explain,2,1024,876,1.0,0.0,51,1.0,0.0498046875,0.939453125,0.9042033235581622,0.1005859375,0.198435972629521,0.23874755381604695,328,1.0,0.11073059360730593,21.9,
explain_01,explain,3,1024,855,1.0,0.0,231,1.0,0.2255859375,0.9970703125,0.9941348973607038,0.1005859375,0.19452590420332355,0.23483365949119372,323,1.0,0.11345029239766082,20.853658536585368,
explain_02,explain,0,1024,846,1.0,0.0,0,0.0,1.0,1.0,1.0,0.3017578125,0.6226783968719453,0.7690802348336595,784,0.2431640625,0.3203309692671395,22.864864864864863,
explain_02,explain,1,1024,791,1.0,0.0,286,1.0,0.279296875,0.705078125,0.520039100684262,0.1796875,0.3548387096774194,0.4207436399217221,483,0.966796875,0.17446270543615677,22.6,
explain_02,explain,2,1024,846,1.0,0.0,26,1.0,0.025390625,0.5703125,0.3206256109481916,0.20703125,0.4115347018572825,0.5313111545988258,464,0.484375,0.23049645390070922,25.636363636363637,
explain_02,explain,3,1024,759,1.0,0.0,286,1.0,0.279296875,0.6884765625,0.5356793743890518,0.2080078125,0.43792766373411535,0.5420743639921722,496,0.8291015625,0.230566534914361,15.489795918367347,
explain_03,explain,0,1024,880,1.0,0.0,0,0.0,1.0,1.0,1.0,0.1953125,0.4398826979472141,0.5704500978473581,580,0.4423828125,0.2375,20.952380952380953,
explain_03,explain,1,1024,904,1.0,0.0,198,1.0,0.193359375,0.5830078125,0.35386119257087,0.09375,0.16617790811339198,0.19667318982387474,285,1.0,0.10398230088495575,21.523809523809526,
explain_03,explain,2,1024,897,1.0,0.0,48,1.0,0.046875,0.603515625,0.3196480938416422,0.1220703125,0.23851417399804498,0.2857142857142857,373,1.0,0.1415830546265329,21.878048780487806,
explain_03,explain,3,1024,844,1.0,0.0,48,1.0,0.046875,0.4716796875,0.22776148582600195,0.2587890625,0.4897360703812317,0.6095890410958904,1024,0.330078125,0.2914691943127962,13.203125,
explain_04,explain,0,1024,870,1.0,0.0,0,0.0,1.0,1.0,1.0,0.142578125,0.27370478983382207,0.3395303326810176,250,0.9384765625,0.15862068965517243,17.058823529411764,
explain_04,explain,1,1024,862,1.0,0.0,1,1.0,0.0009765625,0.474609375,0.30498533724340177,0.224609375,0.4222873900293255,0.5459882583170255,452,0.22265625,0.24361948955916474,10.7875,
explain_04,explain,2,1024,868,1.0,0.0,1,1.0,0.0009765625,0.4736328125,0.30498533724340177,0.2177734375,0.41642228739002934,0.5450097847358122,452,0.177734375,0.23617511520737328,10.46987951807229,
explain_04,explain,3,1024,857,1.0,0.0,1,1.0,0.0009765625,0.626953125,0.3782991202346041,0.1591796875,0.32453567937438904,0.4187866927592955,598,0.880859375,0.18319719953325556,20.951219512195124,
explain_05,explain,0,1024,910,1.0,0.0,0,0.0,1.0,1.0,1.0,0.146484375,0.2844574780058651,0.34148727984344424,442,1.0,0.17032967032967034,24.594594594594593,
explain_05,explain,1,1024,883,1.0,0.0,404,1.0,0.39453125,0.525390625,0.44574780058651026,0.1767578125,0.3460410557184751,0.4344422700587084,1024,0.6015625,0.21064552661381652,11.0375,
explain_05,explain,2,1024,845,1.0,0.0,5,1.0,0.0048828125,0.4619140625,0.16324535679374388,0.119140625,0.2209188660801564,0.28669275929549903,253,0.9150390625,0.14911242603550295,13,
explain_05,explain,3,1024,845,1.0,0.0,5,1.0,0.0048828125,0.4619140625,0.16324535679374388,0.119140625,0.2209188660801564,0.28669275929549903,253,0.9150390625,0.14911242603550295,13,
explain_06,explain,0,1024,905,1.0,0.0,0,0.0,1.0,1.0,1.0,0.123046875,0.2013685239491691,0.22896281800391388,345,0.8623046875,0.13038674033149172,19.25531914893617,
explain_06,explain,1,1024,851,1.0,0.0,115,1.0,0.1123046875,0.5498046875,0.3567937438905181,0.1494140625,0.26588465298142716,0.33072407045009783,348,0.9697265625,0.1762632197414806,12.514705882352942,
explain_06,explain,2,1024,910,1.0,0.0,313,1.0,0.3056640625,0.93359375,0.9130009775171065,0.123046875,0.19941348973607037,0.22407045009784735,331,0.8564453125,0.12967032967032968,17.84313725490196,
explain_06,explain,3,1024,910,1.0,0.0,313,1.0,0.3056640625,0.93359375,0.9130009775171065,0.123046875,0.19941348973607037,0.22407045009784735,331,0.8564453125,0.12967032967032968,17.84313725490196,
explain_07,explain,0,1024,863,1.0,0.0,0,0.0,1.0,1.0,1.0,0.1572265625,0.270772238514174,0.3258317025440313,253,0.896484375,0.1633835457705678,20.069767441860463,
explain_07,explain,1,1024,849,1.0,0.0,59,1.0,0.0576171875,0.6328125,0.4281524926686217,0.177734375,0.31671554252199413,0.3776908023483366,245,0.9228515625,0.19316843345111898,20.214285714285715,
explain_07,explain,2,1024,769,1.0,0.0,59,1.0,0.0576171875,0.5419921875,0.31085043988269795,0.216796875,0.40371456500488756,0.4980430528375734,330,0.8154296875,0.26527958387516254,11.651515151515152,
explain_07,explain,3,1024,625,1.0,0.0,59,1.0,0.0576171875,0.240234375,0.14173998044965788,0.1298828125,0.24437927663734116,0.29549902152641877,368,0.6611328125,0.1968,48.15384615384615,
explain_08,explain,0,1024,879,1.0,0.0,0,0.0,1.0,1.0,1.0,0.2294921875,0.40371456500488756,0.45107632093933464,525,0.529296875,0.23094425483503983,15.155172413793103,
explain_08,explain,1,1024,779,1.0,0.0,453,1.0,0.4423828125,0.4853515625,0.4418377321603128,0.22265625,0.37732160312805474,0.4178082191780822,472,0.5615234375,0.2503209242618742,4.930379746835443,
explain_08,explain,2,1024,779,1.0,0.0,453,1.0,0.4423828125,0.4853515625,0.4418377321603128,0.22265625,0.37732160312805474,0.4178082191780822,472,0.5615234375,0.2503209242618742,4.930379746835443,
explain_08,explain,3,1024,779,1.0,0.0,453,1.0,0.4423828125,0.4853515625,0.4418377321603128,0.22265625,0.37732160312805474,0.4178082191780822,472,0.5615234375,0.2503209242618742,4.930379746835443,
explain_09,explain,0,1024,883,1.0,0.0,0,0.0,1.0,1.0,1.0,0.1533203125,0.260019550342131,0.2847358121330724,332,1.0,0.16534541336353342,18.020408163265305,
explain_09,explain,1,1024,859,1.0,0.0,103,1.0,0.1005859375,0.5947265625,0.3489736070381232,0.2197265625,0.4506353861192571,0.5547945205479452,317,0.560546875,0.25261932479627475,17.916666666666668,
explain_09,explain,2,1024,873,1.0,0.0,40,1.0,0.0390625,0.5859375,0.2854349951124145,0.21875,0.4633431085043988,0.5939334637964775,398,0.525390625,0.2565864833906071,14.14516129032258,
explain_09,explain,3,1024,870,1.0,0.0,53,1.0,0.0517578125,0.6337890625,0.3519061583577713,0.2041015625,0.3978494623655914,0.4931506849315068,520,0.802734375,0.22413793103448276,16.846153846153847,
explain_10,explain,0,1024,880,1.0,0.0,0,0.0,1.0,1.0,1.0,0.2255859375,0.4760508308895406,0.6027397260273972,608,0.4189453125,0.24772727272727274,20,
explain_10,explain,1,1024,904,1.0,0.0,125,1.0,0.1220703125,0.494140625,0.2512218963831867,0.1298828125,0.24633431085043989,0.30919765166340507,375,0.75390625,0.1404867256637168,11.894736842105264,
explain_10,explain,2,1024,907,1.0,0.0,125,1.0,0.1220703125,0.501953125,0.25317693059628543,0.12890625,0.24437927663734116,0.30724070450097846,378,0.7548828125,0.13891951488423374,12.256756756756756,
explain_10,explain,3,1024,876,1.0,0.0,52,1.0,0.05078125,0.615234375,0.3949169110459433,0.1220703125,0.24535679374389052,0.30528375733855184,359,0.994140625,0.12899543378995434,15.696428571428571,
explain_11,explain,0,1024,889,1.0,0.0,0,0.0,1.0,1.0,1.0,0.2109375,0.37732160312805474,0.43933463796477495,529,0.568359375,0.2249718785151856,18.914893617021278,
explain_11,explain,1,1024,886,1.0,0.0,8,1.0,0.0078125,0.4833984375,0.1710654936461388,0.1220703125,0.2209188660801564,0.2602739726027397,335,0.99609375,0.136568848758465,17.372549019607842,
explain_11,explain,2,1024,882,1.0,0.0,8,1.0,0.0078125,0.478515625,0.1681329423264907,0.12109375,0.21896383186705767,0.2583170254403131,334,0.99609375,0.13718820861678005,16.96153846153846,
explain_11,explain,3,1024,840,1.0,0.0,110,1.0,0.107421875,0.5693359375,0.30498533724340177,0.19140625,0.32649071358748777,0.35909980430528377,343,1.0,0.20357142857142857,20,
explain_12,explain,0,1024,788,1.0,0.0,0,0.0,1.0,1.0,1.0,0.2099609375,0.40371456500488756,0.4774951076320939,544,0.87109375,0.23857868020304568,15.470588235294118,
explain_12,explain,1,1024,799,1.0,0.0,66,1.0,0.064453125,0.8798828125,0.7888563049853372,0.193359375,0.36852394916911047,0.44031311154598823,556,0.951171875,0.21777221526908636,16.306122448979593,
explain_12,explain,2,1024,733,1.0,0.0,8,1.0,0.0078125,0.4912109375,0.2854349951124145,0.197265625,0.3812316715542522,0.46477495107632094,522,0.5595703125,0.252387448840382,10.779411764705882,
explain_12,explain,3,1024,762,1.0,0.0,8,1.0,0.0078125,0.6123046875,0.3284457478005865,0.2412109375,0.48778103616813295,0.6086105675146771,637,0.4423828125,0.2926509186351706,13.607142857142858,
explain_13,explain,0,1024,902,1.0,0.0,0,0.0,1.0,1.0,1.0,0.09375,0.16226783968719452,0.18688845401174167,238,0.935546875,0.10421286031042129,17.0188679245283,
explain_13,explain,1,1024,902,1.0,0.0,1024,0.0,1.0,1.0,1.0,0.09375,0.16226783968719452,0.18688845401174167,238,0.935546875,0.10421286031042129,17.0188679245283,
explain_13,explain,2,1024,910,1.0,0.0,123,1.0,0.1201171875,0.640625,0.3998044965786901,0.16796875,0.3509286412512219,0.45596868884540115,278,0.6513671875,0.1835164835164835,17.169811320754718,
explain_13,explain,3,1024,924,1.0,0.0,123,1.0,0.1201171875,0.73828125,0.6021505376344086,0.1171875,0.2101661779081134,0.25048923679060664,318,1.0,0.1266233766233766,23.1,
explain_14,explain,0,1024,842,1.0,0.0,0,0.0,1.0,1.0,1.0,0.2490234375,0.509286412512219,0.6311154598825832,454,0.3251953125,0.2921615201900237,22.157894736842106,
explain_14,explain,1,1024,816,1.0,0.0,77,1.0,0.0751953125,0.73046875,0.49364613880742914,0.2490234375,0.5053763440860215,0.6193737769080235,546,0.3916015625,0.29534313725490197,20.923076923076923,
explain_14,explain,2,1024,816,1.0,0.0,77,1.0,0.0751953125,0.728515625,0.4946236559139785,0.2490234375,0.5063538611925709,0.6183953033268101,546,0.3916015625,0.29534313725490197,20.923076923076923,
explain_14,explain,3,1024,522,1.0,0.0,36,1.0,0.03515625,0.34375,0.21603128054740958,0.31640625,0.624633431085044,0.87279843444227,222,0.1318359375,0.60727969348659,2.3619909502262444,
explain_15,explain,0,1024,525,1.0,0.0,0,0.0,1.0,1.0,1.0,0.1474609375,0.2805474095796676,0.34344422700587085,490,0.6875,0.259047619047619,22.82608695652174,
explain_15,explain,1,1024,848,1.0,0.0,17,1.0,0.0166015625,0.3642578125,0.2697947214076246,0.1455078125,0.2903225806451613,0.38649706457925637,460,0.7236328125,0.16037735849056603,14.620689655172415,
explain_15,explain,2,1024,846,1.0,0.0,17,1.0,0.0166015625,0.3720703125,0.2756598240469208,0.169921875,0.3411534701857282,0.45107632093933464,460,0.6123046875,0.18557919621749408,14.586206896551724,
explain_15,explain,3,1024,815,1.0,0.0,9,1.0,0.0087890625,0.3095703125,0.13587487781036167,0.0986328125,0.1681329423264907,0.19373776908023482,251,0.9677734375,0.10920245398773006,14.818181818181818,
explain_16,explain,0,1024,894,1.0,0.0,0,0.0,1.0,1.0,1.0,0.3232421875,0.6578690127077224,0.7827788649706457,689,0.2822265625,0.3579418344519016,19.866666666666667,
explain_16,explain,1,1024,640,1.0,0.0,281,1.0,0.2744140625,0.3955078125,0.3235581622678397,0.171875,0.3333333333333333,0.4060665362035225,509,0.5498046875,0.2515625,25.6,
explain_16,explain,2,1024,835,1.0,0.0,60,1.0,0.05859375,0.521484375,0.23851417399804498,0.189453125,0.3870967741935484,0.4794520547945205,440,0.8486328125,0.21676646706586827,18.152173913043477,
explain_16,explain,3,1024,803,1.0,0.0,78,1.0,0.076171875,0.509765625,0.25806451612903225,0.208984375,0.4291300097751711,0.5313111545988258,480,0.515625,0.2590286425902864,17.844444444444445,
explain_17,explain,0,1024,906,1.0,0.0,0,0.0,1.0,1.0,1.0,0.1943359375,0.39100684261974583,0.46966731898238745,612,0.5791015625,0.217439293598234,21.571428571428573,
explain_17,explain,1,1024,870,1.0,0.0,204,1.0,0.19921875,0.5283203125,0.4506353861192571,0.1923828125,0.3724340175953079,0.461839530332681,1024,0.5888671875,0.2206896551724138,9.886363636363637,
explain_17,explain,2,1024,910,1.0,0.0,147,1.0,0.1435546875,0.6875,0.436950146627566,0.2333984375,0.48778103616813295,0.5909980430528375,392,0.5498046875,0.25824175824175827,21.666666666666668,
explain_17,explain,3,1024,909,1.0,0.0,6,1.0,0.005859375,0.697265625,0.45161290322580644,0.189453125,0.3812316715542522,0.45303326810176126,584,0.62890625,0.20902090209020902,20.2,
explain_18,explain,0,1024,881,1.0,0.0,0,0.0,1.0,1.0,1.0,0.216796875,0.38807429130009774,0.4520547945205479,536,0.6220703125,0.22814982973893302,22.58974358974359,
explain_18,explain,1,1024,833,1.0,0.0,88,1.0,0.0859375,0.4462890625,0.18670576735092861,0.2216796875,0.4203323558162268,0.48140900195694714,529,0.599609375,0.2533013205282113,22.513513513513512,
explain_18,explain,2,1024,807,1.0,0.0,85,1.0,0.0830078125,0.486328125,0.22189638318670576,0.2255859375,0.41055718475073316,0.4794520547945205,612,0.5390625,0.2664188351920694,15.264150943396226,
explain_18,explain,3,1024,845,1.0,0.0,85,1.0,0.0830078125,0.505859375,0.2619745845552297,0.1806640625,0.3225806451612903,0.3796477495107632,511,0.61328125,0.20118343195266272,15.962264150943396,
explain_19,explain,0,1024,908,1.0,0.0,0,0.0,1.0,1.0,1.0,0.12109375,0.20039100684261973,0.2191780821917808,271,0.8564453125,0.12665198237885464,22.146341463414632,
explain_19,explain,1,1024,926,1.0,0.0,44,1.0,0.04296875,0.5732421875,0.26588465298142716,0.21484375,0.4398826979472141,0.5420743639921722,495,0.546875,0.24838012958963282,23.15,
explain_19,explain,2,1024,876,1.0,0.0,0,1.0,0.0,0.572265625,0.3391984359726295,0.1259765625,0.23655913978494625,0.2974559686888454,340,0.8046875,0.14840182648401826,17.176470588235293,
explain_19,explain,3,1024,363,1.0,0.0,0,1.0,0.0,0.169921875,0.10654936461388075,0.107421875,0.18084066471163246,0.2054794520547945,255,0.7939453125,0.2865013774104683,45.375,
narrative_00,narrative,0,1024,903,1.0,0.0,0,0.0,1.0,1.0,1.0,0.087890625,0.14271749755620725,0.15851272015655576,189,1.0,0.08970099667774087,16.418181818181818,
narrative_00,narrative,1,1024,903,1.0,0.0,1024,0.0,1.0,1.0,1.0,0.087890625,0.14271749755620725,0.15851272015655576,189,1.0,0.08970099667774087,16.418181818181818,
narrative_00,narrative,2,1024,903,1.0,0.0,1024,0.0,1.0,1.0,1.0,0.087890625,0.14271749755620725,0.15851272015655576,189,1.0,0.08970099667774087,16.418181818181818,
narrative_00,narrative,3,1024,911,1.0,0.0,51,1.0,0.0498046875,0.53515625,0.2238514173998045,0.1806640625,0.37145650048875856,0.45596868884540115,342,0.576171875,0.2030735455543359,13.426470588235293,
narrative_01,narrative,0,1024,874,1.0,0.0,0,0.0,1.0,1.0,1.0,0.228515625,0.4858260019550342,0.6056751467710372,545,0.498046875,0.2700228832951945,21.85,
narrative_01,narrative,1,1024,882,1.0,0.0,0,1.0,0.0,0.583984375,0.23558162267839688,0.2197265625,0.4447702834799609,0.5303326810176126,650,0.767578125,0.25170068027210885,17.294117647058822,
narrative_01,narrative,2,1024,890,1.0,0.0,0,1.0,0.0,0.55859375,0.20039100684261973,0.2099609375,0.4027370478983382,0.46771037181996084,538,0.986328125,0.23595505617977527,17.115384615384617,
narrative_01,narrative,3,1024,890,1.0,0.0,0,1.0,0.0,0.552734375,0.2013685239491691,0.2255859375,0.4310850439882698,0.49706457925636005,565,0.93359375,0.24719101123595505,18.163265306122447,
narrative_02,narrative,0,1024,878,1.0,0.0,0,0.0,1.0,1.0,1.0,0.25,0.49560117302052786,0.5821917808219178,667,0.5029296875,0.29043280182232345,14.491803278688524,
narrative_02,narrative,1,1024,847,1.0,0.0,56,1.0,0.0546875,0.5546875,0.24926686217008798,0.2412109375,0.5190615835777126,0.6223091976516634,758,0.56640625,0.2798110979929162,10.414634146341463,
narrative_02,narrative,2,1024,774,1.0,0.0,187,1.0,0.1826171875,0.4150390625,0.28347996089931576,0.2265625,0.40762463343108507,0.461839530332681,528,0.51171875,0.28294573643410853,8.644444444444444,
narrative_02,narrative,3,1024,835,1.0,0.0,56,1.0,0.0546875,0.5283203125,0.21994134897360704,0.2255859375,0.43792766373411535,0.5264187866927593,413,0.474609375,0.25988023952095807,12.014285714285714,
narrative_03,narrative,0,1024,906,1.0,0.0,0,0.0,1.0,1.0,1.0,0.19140625,0.3763440860215054,0.43933463796477495,510,1.0,0.22185430463576158,17.09433962264151,
narrative_03,narrative,1,1024,901,1.0,0.0,136,1.0,0.1328125,0.76953125,0.5757575757575758,0.173828125,0.3284457478005865,0.37573385518590996,419,1.0,0.19089900110987792,17,
narrative_03,narrative,2,1024,922,1.0,0.0,398,1.0,0.388671875,0.7236328125,0.5259042033235581,0.193359375,0.39882697947214074,0.48140900195694714,506,0.6484375,0.22342733188720174,18.816326530612244,
narrative_03,narrative,3,1024,361,1.0,0.0,199,1.0,0.1943359375,0.3291015625,0.2619745845552297,0.1923828125,0.3489736070381232,0.40117416829745595,441,0.59375,0.5041551246537396,16.40909090909091,
narrative_04,narrative,0,1024,889,1.0,0.0,0,0.0,1.0,1.0,1.0,0.1494140625,0.27370478983382207,0.324853228962818,399,0.7080078125,0.16760404949381327,20.674418604651162,
narrative_04,narrative,1,1024,828,1.0,0.0,26,1.0,0.025390625,0.5625,0.3782991202346041,0.146484375,0.27174975562072334,0.31702544031311153,377,0.6689453125,0.17753623188405798,15.622641509433961,
narrative_04,narrative,2,1024,851,1.0,0.0,0,1.0,0.0,0.38671875,0.12805474095796676,0.16015625,0.2913000977517107,0.33268101761252444,371,1.0,0.18331374853113983,13.950819672131148,
narrative_04,narrative,3,1024,925,1.0,0.0,4,1.0,0.00390625,0.3681640625,0.12023460410557185,0.1064453125,0.20332355816226785,0.2455968688845401,302,0.7890625,0.11675675675675676,14.453125,
narrative_05,narrative,0,1024,962,1.0,0.0,0,0.0,1.0,1.0,1.0,0.1201171875,0.2404692082111437,0.30919765166340507,427,0.71484375,0.13097713097713098,17.814814814814813,
narrative_05,narrative,1,1024,952,1.0,0.0,341,1.0,0.3330078125,0.705078125,0.5591397849462365,0.1279296875,0.2482893450635386,0.31702544031311153,428,0.701171875,0.13970588235294118,19.428571428571427,
narrative_05,narrative,2,1024,961,1.0,0.0,231,1.0,0.2255859375,0.5576171875,0.3255131964809384,0.1015625,0.19452590420332355,0.25244618395303325,354,0.763671875,0.11238293444328824,20.020833333333332,
narrative_05,narrative,3,1024,949,1.0,0.0,133,1.0,0.1298828125,0.7275390625,0.5738025415444771,0.1171875,0.22287390029325513,0.2847358121330724,386,0.7265625,0.1285563751317176,17.254545454545454,
narrative_06,narrative,0,1024,887,1.0,0.0,0,0.0,1.0,1.0,1.0,0.2099609375,0.42717497556207235,0.5,580,0.904296875,0.24577226606538896,18.102040816326532,
narrative_06,narrative,1,1024,902,1.0,0.0,61,1.0,0.0595703125,0.5546875,0.260019550342131,0.193359375,0.3704789833822092,0.4295499021526419,516,1.0,0.21286031042128603,20.976744186046513,
narrative_06,narrative,2,1024,933,1.0,0.0,61,1.0,0.0595703125,0.4375,0.1710654936461388,0.1357421875,0.24926686217008798,0.2984344422700587,390,0.775390625,0.15219721329046088,21.697674418604652,
narrative_06,narrative,3,1024,888,1.0,0.0,153,1.0,0.1494140625,0.6826171875,0.41935483870967744,0.1943359375,0.38220918866080156,0.44129158512720157,500,1.0,0.22072072072072071,19.733333333333334,
narrative_07,narrative,0,1024,863,1.0,0.0,0,0.0,1.0,1.0,1.0,0.1494140625,0.2805474095796676,0.337573385518591,410,0.6884765625,0.17033603707995365,16.92156862745098,
narrative_07,narrative,1,1024,918,1.0,0.0,24,1.0,0.0234375,0.34765625,0.1241446725317693,0.216796875,0.43010752688172044,0.5332681017612525,939,0.4677734375,0.24618736383442266,12.253333333333334,
narrative_07,narrative,2,1024,851,1.0,0.0,24,1.0,0.0234375,0.3505859375,0.1241446725317693,0.1357421875,0.23949169110459434,0.2837573385518591,385,0.814453125,0.15746180963572268,9.781609195402298,
narrative_07,narrative,3,1024,850,1.0,0.0,24,1.0,0.0234375,0.4267578125,0.14076246334310852,0.1484375,0.260019550342131,0.2974559686888454,347,1.0,0.1635294117647059,11.805555555555555,
narrative_08,narrative,0,1024,837,1.0,0.0,0,0.0,1.0,1.0,1.0,0.4658203125,0.844574780058651,0.9461839530332681,1024,0.0,0.5185185185185185,14.964285714285714,
narrative_08,narrative,1,1024,876,1.0,0.0,21,1.0,0.0205078125,0.43359375,0.1026392961876833,0.1630859375,0.2913000977517107,0.3424657534246575,407,1.0,0.18835616438356165,14.6,
narrative_08,narrative,2,1024,905,1.0,0.0,85,1.0,0.0830078125,0.5029296875,0.21212121212121215,0.21484375,0.39002932551319647,0.44031311154598823,504,1.0,0.2408839779005525,15.338983050847459,
narrative_08,narrative,3,1024,885,1.0,0.0,61,1.0,0.0595703125,0.47265625,0.17204301075268819,0.2080078125,0.40762463343108507,0.49021526418786693,594,0.904296875,0.24293785310734464,14.047619047619047,
narrative_09,narrative,0,1024,763,1.0,0.0,0,0.0,1.0,1.0,1.0,0.1796875,0.33724340175953077,0.3904109589041096,351,0.796875,0.24508519003931847,7.4766355140186915,
narrative_09,narrative,1,1024,775,1.0,0.0,250,1.0,0.244140625,0.7763671875,0.6392961876832844,0.154296875,0.28347996089931576,0.32093933463796476,352,0.9130859375,0.2129032258064516,8.03960396039604,
narrative_09,narrative,2,1024,775,1.0,0.0,250,1.0,0.244140625,0.7763671875,0.6392961876832844,0.154296875,0.28347996089931576,0.32093933463796476,352,0.9130859375,0.2129032258064516,8.03960396039604,
narrative_09,narrative,3,1024,774,1.0,0.0,250,1.0,0.244140625,0.7744140625,0.6412512218963832,0.1533203125,0.27956989247311825,0.31604696673189825,347,0.9130859375,0.20930232558139536,8.029702970297029,
narrative_10,narrative,0,1024,904,1.0,0.0,0,0.0,1.0,1.0,1.0,0.1962890625,0.36070381231671556,0.4246575342465753,529,1.0,0.21460176991150443,13.907692307692308,
narrative_10,narrative,1,1024,913,1.0,0.0,148,1.0,0.14453125,0.6611328125,0.4418377321603128,0.171875,0.3225806451612903,0.3610567514677104,408,1.0,0.18948521358159912,15.474576271186441,
narrative_10,narrative,2,1024,886,1.0,0.0,6,1.0,0.005859375,0.505859375,0.1935483870967742,0.20703125,0.4095796676441838,0.5136986301369864,651,0.689453125,0.2325056433408578,23.31578947368421,
narrative_10,narrative,3,1024,861,1.0,0.0,6,1.0,0.005859375,0.458984375,0.15640273704789834,0.19140625,0.34995112414467255,0.39823874755381605,460,1.0,0.21022067363530778,17.9375,
narrative_11,narrative,0,1024,888,1.0,0.0,0,0.0,1.0,1.0,1.0,0.2109375,0.4613880742913001,0.589041095890411,759,0.5595703125,0.25900900900900903,12.971014492753623,
narrative_11,narrative,1,1024,846,1.0,0.0,310,1.0,0.302734375,0.7080078125,0.4858260019550342,0.2646484375,0.6021505376344086,0.773972602739726,1019,0.1259765625,0.3486997635933806,11.155844155844155,
narrative_11,narrative,2,1024,911,1.0,0.0,337,1.0,0.3291015625,0.6923828125,0.5043988269794721,0.24609375,0.5425219941348973,0.6692759295499021,863,0.337890625,0.28869374313940727,16.087719298245613,
narrative_11,narrative,3,1024,938,1.0,0.0,3,1.0,0.0029296875,0.5224609375,0.22580645161290322,0.1865234375,0.3626588465298143,0.4383561643835616,567,0.6162109375,0.19722814498933902,22.357142857142858,
narrative_12,narrative,0,1024,933,1.0,0.0,0,0.0,1.0,1.0,1.0,0.126953125,0.22580645161290322,0.26418786692759294,328,0.76171875,0.12861736334405144,17.60377358490566,
narrative_12,narrative,1,1024,904,1.0,0.0,20,1.0,0.01953125,0.458984375,0.14565004887585534,0.166015625,0.33822091886608013,0.40998043052837574,454,0.7021484375,0.1847345132743363,15.322033898305085,
narrative_12,narrative,2,1024,914,1.0,0.0,20,1.0,0.01953125,0.4921875,0.15347018572825025,0.1318359375,0.24926686217008798,0.29158512720156554,329,0.9072265625,0.13785557986870897,15.233333333333333,
narrative_12,narrative,3,1024,878,1.0,0.0,20,1.0,0.01953125,0.4912109375,0.20039100684261973,0.1826171875,0.36656891495601174,0.45107632093933464,484,0.630859375,0.21298405466970388,13.71875,
narrative_13,narrative,0,1024,935,1.0,0.0,0,0.0,1.0,1.0,1.0,0.203125,0.4340175953079179,0.5371819960861057,621,0.4658203125,0.2192513368983957,15.583333333333334,
narrative_13,narrative,1,1024,894,1.0,0.0,0,1.0,0.0,0.39453125,0.11827956989247312,0.1357421875,0.2844574780058651,0.36203522504892366,403,0.6494140625,0.1610738255033557,19.434782608695652,
narrative_13,narrative,2,1024,867,1.0,0.0,18,1.0,0.017578125,0.3798828125,0.16617790811339198,0.091796875,0.16617790811339198,0.19667318982387474,272,0.81640625,0.1061130334486736,11.407894736842104,
narrative_13,narrative,3,1024,885,1.0,0.0,8,1.0,0.0078125,0.478515625,0.17497556207233628,0.1533203125,0.29227761485826004,0.35714285714285715,437,1.0,0.17627118644067796,10.792682926829269,
narrative_14,narrative,0,1024,921,1.0,0.0,0,0.0,1.0,1.0,1.0,0.0712890625,0.11730205278592376,0.14090019569471623,190,0.8935546875,0.07709011943539631,18.42,
narrative_14,narrative,1,1024,921,1.0,0.0,1024,0.0,1.0,1.0,1.0,0.0712890625,0.11730205278592376,0.14090019569471623,190,0.8935546875,0.07709011943539631,18.42,
narrative_14,narrative,2,1024,921,1.0,0.0,1024,0.0,1.0,1.0,1.0,0.0712890625,0.11730205278592376,0.14090019569471623,190,0.8935546875,0.07709011943539631,18.42,
narrative_14,narrative,3,1024,886,1.0,0.0,109,1.0,0.1064453125,0.5498046875,0.35483870967741943,0.0576171875,0.08993157380254155,0.10273972602739725,129,1.0,0.06320541760722348,15.821428571428571,
narrative_15,narrative,0,1024,893,1.0,0.0,0,0.0,1.0,1.0,1.0,0.20703125,0.40371456500488756,0.4598825831702544,513,1.0,0.23180291153415453,17.173076923076923,
narrative_15,narrative,1,1024,899,1.0,0.0,33,1.0,0.0322265625,0.638671875,0.32160312805474095,0.2177734375,0.41935483870967744,0.48238747553816047,563,0.9375,0.2436040044493882,17.705882352941178,
narrative_15,narrative,2,1024,905,1.0,0.0,33,1.0,0.0322265625,0.65625,0.3391984359726295,0.16796875,0.3147605083088954,0.35518590998043054,314,1.0,0.18453038674033148,19.67391304347826,
narrative_15,narrative,3,1024,887,1.0,0.0,33,1.0,0.0322265625,0.6201171875,0.2883675464320626,0.177734375,0.3333333333333333,0.3639921722113503,401,1.0,0.19729425028184894,16.272727272727273,
narrative_16,narrative,0,1024,868,1.0,0.0,0,0.0,1.0,1.0,1.0,0.25390625,0.49853372434017595,0.5665362035225049,624,0.818359375,0.2868663594470046,13.841269841269842,
narrative_16,narrative,1,1024,830,1.0,0.0,112,1.0,0.109375,0.5908203125,0.30596285434995113,0.3251953125,0.6793743890518084,0.8062622309197651,903,0.16015625,0.3963855421686747,9.488636363636363,
narrative_16,narrative,2,1024,864,1.0,0.0,100,1.0,0.09765625,0.6337890625,0.3597262952101662,0.2890625,0.5992179863147605,0.7123287671232876,788,0.498046875,0.3402777777777778,13.415384615384616,
narrative_16,narrative,3,1024,891,1.0,0.0,100,1.0,0.09765625,0.603515625,0.2913000977517107,0.265625,0.5620723362658846,0.6917808219178082,593,0.3916015625,0.30303030303030304,14.19047619047619,
narrative_17,narrative,0,1024,667,1.0,0.0,0,0.0,1.0,1.0,1.0,0.232421875,0.4613880742913001,0.550880626223092,621,0.4169921875,0.3553223388305847,5.566666666666666,
narrative_17,narrative,1,1024,853,1.0,0.0,165,1.0,0.1611328125,0.4716796875,0.29716520039100686,0.2333984375,0.4506353861192571,0.5401174168297456,288,0.751953125,0.2719812426729191,15.50909090909091,
narrative_17,narrative,2,1024,895,1.0,0.0,49,1.0,0.0478515625,0.408203125,0.19648093841642228,0.2509765625,0.5161290322580645,0.6487279843444227,776,0.3564453125,0.288268156424581,19.88888888888889,
narrative_17,narrative,3,1024,679,1.0,0.0,193,1.0,0.1884765625,0.818359375,0.7067448680351907,0.212890625,0.4232649071358749,0.5019569471624267,606,0.431640625,0.30927835051546393,5.803418803418803,
narrative_18,narrative,0,1024,936,1.0,0.0,0,0.0,1.0,1.0,1.0,0.1875,0.36852394916911047,0.4520547945205479,609,0.59765625,0.21474358974358973,19.5,
narrative_18,narrative,1,1024,916,1.0,0.0,306,1.0,0.298828125,0.5048828125,0.35483870967741943,0.1328125,0.25513196480938416,0.3111545988258317,394,0.732421875,0.14956331877729256,16.962962962962962,
narrative_18,narrative,2,1024,906,1.0,0.0,0,1.0,0.0,0.53515625,0.22287390029325513,0.16015625,0.3010752688172043,0.3610567514677104,432,0.671875,0.18322295805739514,14.852459016393443,
narrative_18,narrative,3,1024,919,1.0,0.0,0,1.0,0.0,0.6728515625,0.386119257086999,0.2294921875,0.4701857282502444,0.5753424657534246,795,0.4677734375,0.2600652883569097,15.576271186440678,
narrative_19,narrative,0,1024,822,1.0,0.0,0,0.0,1.0,1.0,1.0,0.1064453125,0.17497556207233628,0.19960861056751467,242,0.88671875,0.11435523114355231,8.74468085106383,
narrative_19,narrative,1,1024,862,1.0,0.0,103,1.0,0.1005859375,0.3359375,0.18084066471163246,0.2021484375,0.386119257086999,0.4774951076320939,628,0.4560546875,0.23201856148491878,14.131147540983607,
narrative_19,narrative,2,1024,826,1.0,0.0,0,1.0,0.0,0.400390625,0.11534701857282502,0.2724609375,0.4555229716520039,0.5019569471624267,560,0.955078125,0.29782082324455206,10.894736842105264,
narrative_19,narrative,3,1024,822,1.0,0.0,1024,0.0,1.0,1.0,1.0,0.1064453125,0.17497556207233628,0.19960861056751467,242,0.88671875,0.11435523114355231,8.74468085106383,
narrative_20,narrative,0,1024,873,1.0,0.0,0,0.0,1.0,1.0,1.0,0.1767578125,0.364613880742913,0.4246575342465753,482,1.0,0.20618556701030927,14.796610169491526,
narrative_20,narrative,1,1024,881,1.0,0.0,318,1.0,0.310546875,0.8837890625,0.7917888563049852,0.166015625,0.34408602150537637,0.4080234833659491,471,1.0,0.19409761634506242,15.732142857142858,
narrative_20,narrative,2,1024,877,1.0,0.0,285,1.0,0.2783203125,0.8759765625,0.7878787878787878,0.173828125,0.3460410557184751,0.4080234833659491,471,1.0,0.20752565564424175,15.660714285714286,
narrative_20,narrative,3,1024,880,1.0,0.0,33,1.0,0.0322265625,0.61328125,0.2785923753665689,0.232421875,0.49560117302052786,0.5958904109589042,668,0.4287109375,0.28863636363636364,17,
narrative_21,narrative,0,1024,879,1.0,0.0,0,0.0,1.0,1.0,1.0,0.3125,0.6598240469208211,0.8297455968688845,1024,0.078125,0.36860068259385664,16.58490566037736,
narrative_21,narrative,1,1024,917,1.0,0.0,53,1.0,0.0517578125,0.51953125,0.22580645161290322,0.2294921875,0.4838709677419355,0.5841487279843445,749,0.474609375,0.2595419847328244,18.34,
narrative_21,narrative,2,1024,898,1.0,0.0,53,1.0,0.0517578125,0.5673828125,0.25513196480938416,0.1650390625,0.30791788856304986,0.350293542074364,416,1.0,0.18485523385300667,16.943396226415093,
narrative_21,narrative,3,1024,887,1.0,0.0,53,1.0,0.0517578125,0.564453125,0.2785923753665689,0.1875,0.3519061583577713,0.3904109589041096,435,1.0,0.20293122886133033,17.057692307692307,
narrative_22,narrative,0,1024,902,1.0,0.0,0,0.0,1.0,1.0,1.0,0.208984375,0.43499511241446726,0.5352250489236791,638,0.791015625,0.2361419068736142,15.551724137931034,
narrative_22,narrative,1,1024,925,1.0,0.0,5,1.0,0.0048828125,0.5166015625,0.15933528836754643,0.09375,0.17497556207233628,0.21330724070450097,285,0.8125,0.10810810810810811,18.5,
narrative_22,narrative,2,1024,897,1.0,0.0,0,1.0,0.0,0.576171875,0.2179863147605083,0.2119140625,0.4232649071358749,0.5088062622309197,595,0.875,0.23857302118171683,18.6875,
narrative_22,narrative,3,1024,921,1.0,0.0,5,1.0,0.0048828125,0.46484375,0.1681329423264907,0.0888671875,0.1603128054740958,0.19373776908023482,256,0.818359375,0.10097719869706841,17.71153846153846,
narrative_23,narrative,0,1024,876,1.0,0.0,0,0.0,1.0,1.0,1.0,0.181640625,0.3548387096774194,0.4050880626223092,461,1.0,0.21575342465753425,15.10344827586207,
narrative_23,narrative,1,1024,871,1.0,0.0,322,1.0,0.314453125,0.9345703125,0.8895405669599218,0.185546875,0.36070381231671556,0.41389432485322897,470,1.0,0.2227324913892078,15.017241379310345,
narrative_23,narrative,2,1024,873,1.0,0.0,345,1.0,0.3369140625,0.94140625,0.9149560117302052,0.1787109375,0.34017595307917886,0.388454011741683,442,1.0,0.21305841924398625,14.55,
narrative_23,narrative,3,1024,896,1.0,0.0,114,1.0,0.111328125,0.71875,0.5425219941348973,0.185546875,0.35581622678396874,0.3953033268101761,442,1.0,0.20647321428571427,17.23076923076923,
narrative_24,narrative,0,1024,871,1.0,0.0,0,0.0,1.0,1.0,1.0,0.18359375,0.35777126099706746,0.41291585127201563,513,0.646484375,0.21469575200918484,16.75,
narrative_24,narrative,1,1024,882,1.0,0.0,265,1.0,0.2587890625,0.52734375,0.31867057673509286,0.16796875,0.32453567937438904,0.38943248532289626,340,0.7158203125,0.19160997732426305,21.51219512195122,
narrative_24,narrative,2,1024,845,1.0,0.0,0,1.0,0.0,0.3359375,0.06549364613880743,0.1591796875,0.2825024437927664,0.3336594911937378,390,0.732421875,0.17633136094674556,11,
narrative_24,narrative,3,1024,823,1.0,0.0,0,1.0,0.0,0.3642578125,0.06451612903225806,0.169921875,0.33235581622678395,0.3953033268101761,463,0.7197265625,0.20534629404617255,11.173333333333334,
procedure_00,procedure,0,1024,885,1.0,0.0,0,0.0,1.0,1.0,1.0,0.326171875,0.6754643206256109,0.8170254403131115,1024,0.0,0.3864406779661017,12.826086956521738,
procedure_00,procedure,1,1024,864,1.0,0.0,126,1.0,0.123046875,0.80078125,0.6539589442815249,0.294921875,0.592375366568915,0.7015655577299413,856,0.34765625,0.3599537037037037,11.675675675675675,
procedure_00,procedure,2,1024,853,1.0,0.0,19,1.0,0.0185546875,0.73046875,0.509286412512219,0.3544921875,0.7047898338220919,0.8424657534246576,1024,0.01953125,0.42555685814771393,12.014084507042254,
procedure_00,procedure,3,1024,872,1.0,0.0,35,1.0,0.0341796875,0.7861328125,0.6451612903225806,0.302734375,0.6129032258064516,0.7318982387475538,900,0.29296875,0.3704128440366973,12.28169014084507,
procedure_01,procedure,0,1024,891,1.0,0.0,0,0.0,1.0,1.0,1.0,0.1044921875,0.198435972629521,0.26810176125244617,205,0.81640625,0.12345679012345678,8.735294117647058,
procedure_01,procedure,1,1024,870,1.0,0.0,73,1.0,0.0712890625,0.490234375,0.23851417399804498,0.1611328125,0.29716520039100686,0.38258317025440314,447,0.6962890625,0.18160919540229886,10.116279069767442,
procedure_01,procedure,2,1024,824,1.0,0.0,73,1.0,0.0712890625,0.5400390625,0.3509286412512219,0.1552734375,0.2883675464320626,0.3835616438356164,1024,0.7431640625,0.18810679611650485,6.866666666666666,
procedure_01,procedure,3,1024,855,1.0,0.0,73,1.0,0.0712890625,0.6005859375,0.3870967741935484,0.125,0.23362658846529813,0.3062622309197652,264,0.7646484375,0.14269005847953217,9.293478260869565,
procedure_02,procedure,0,1024,608,1.0,0.0,0,0.0,1.0,1.0,1.0,0.2724609375,0.5268817204301075,0.639921722113503,838,0.5341796875,0.3848684210526316,9.253521126760564,
procedure_02,procedure,1,1024,626,1.0,0.0,191,1.0,0.1865234375,0.443359375,0.28934506353861195,0.1904296875,0.36950146627565983,0.44129158512720157,536,0.7841796875,0.2715654952076677,20.548387096774192,
procedure_02,procedure,2,1024,602,1.0,0.0,191,1.0,0.1865234375,0.970703125,0.956989247311828,0.2724609375,0.5219941348973607,0.6389432485322897,840,0.5283203125,0.38372093023255816,9.055555555555555,
procedure_02,procedure,3,1024,830,1.0,0.0,23,1.0,0.0224609375,0.2900390625,0.15542521994134897,0.185546875,0.3519061583577713,0.4354207436399217,637,0.8447265625,0.21927710843373494,13.60655737704918,
procedure_03,procedure,0,1024,895,1.0,0.0,0,0.0,1.0,1.0,1.0,0.1279296875,0.25024437927663734,0.3199608610567515,609,0.7705078125,0.14748603351955308,7.850877192982456,
procedure_03,procedure,1,1024,843,1.0,0.0,99,1.0,0.0966796875,0.587890625,0.364613880742913,0.1474609375,0.270772238514174,0.350293542074364,381,0.7412109375,0.1767497034400949,8.43,
procedure_03,procedure,2,1024,843,1.0,0.0,54,1.0,0.052734375,0.587890625,0.36363636363636365,0.146484375,0.2697947214076246,0.350293542074364,381,0.7412109375,0.1767497034400949,8.43,
procedure_03,procedure,3,1024,871,1.0,0.0,2,1.0,0.001953125,0.6171875,0.37927663734115347,0.1513671875,0.27370478983382207,0.34148727984344424,396,0.82421875,0.1756601607347876,8.71,
procedure_04,procedure,0,1024,837,1.0,0.0,0,0.0,1.0,1.0,1.0,0.232421875,0.436950146627566,0.5440313111545988,607,0.4521484375,0.2807646356033453,9.732558139534884,
procedure_04,procedure,1,1024,838,1.0,0.0,77,1.0,0.0751953125,0.6142578125,0.34995112414467255,0.1689453125,0.2991202346041056,0.36203522504892366,375,0.7353515625,0.19451073985680192,9.976190476190476,
procedure_04,procedure,2,1024,805,1.0,0.0,10,1.0,0.009765625,0.5595703125,0.26099706744868034,0.203125,0.37732160312805474,0.46771037181996084,1024,0.7470703125,0.24720496894409938,6.822033898305085,
procedure_04,procedure,3,1024,801,1.0,0.0,271,1.0,0.2646484375,0.859375,0.7634408602150536,0.2294921875,0.43499511241446726,0.550880626223092,767,0.4560546875,0.2908863920099875,8.706521739130435,
procedure_05,procedure,0,1024,895,1.0,0.0,0,0.0,1.0,1.0,1.0,0.25390625,0.5053763440860215,0.639921722113503,698,0.3017578125,0.29720670391061454,18.26530612244898,
procedure_05,procedure,1,1024,834,1.0,0.0,221,1.0,0.2158203125,0.4921875,0.2805474095796676,0.1767578125,0.3313782991202346,0.4050880626223092,392,0.751953125,0.2170263788968825,9.928571428571429,
procedure_05,procedure,2,1024,892,1.0,0.0,319,1.0,0.3115234375,0.8583984375,0.7595307917888563,0.2412109375,0.47702834799608995,0.589041095890411,537,0.4736328125,0.273542600896861,17.84,
procedure_05,procedure,3,1024,877,1.0,0.0,486,1.0,0.474609375,0.8603515625,0.7732160312805474,0.2529296875,0.4975562072336266,0.6135029354207436,561,0.3974609375,0.29874572405929306,17.19607843137255,
procedure_06,procedure,0,1024,825,1.0,0.0,0,0.0,1.0,1.0,1.0,0.1826171875,0.3206256109481916,0.38747553816046965,366,0.7392578125,0.2193939393939394,8.088235294117647,
procedure_06,procedure,1,1024,800,1.0,0.0,16,1.0,0.015625,0.5869140625,0.35581622678396874,0.1796875,0.33822091886608013,0.41487279843444225,471,0.705078125,0.23,8.695652173913043,
procedure_06,procedure,2,1024,819,1.0,0.0,16,1.0,0.015625,0.626953125,0.38807429130009774,0.2392578125,0.47702834799608995,0.5841487279843445,658,0.52734375,0.3064713064713065,8.806451612903226,
procedure_06,procedure,3,1024,876,1.0,0.0,16,1.0,0.015625,0.4609375,0.18084066471163246,0.1806640625,0.33724340175953077,0.3904109589041096,449,0.77734375,0.20205479452054795,14.360655737704919,
procedure_07,procedure,0,1024,886,1.0,0.0,0,0.0,1.0,1.0,1.0,0.2607421875,0.5591397849462365,0.6771037181996086,712,0.26953125,0.30812641083521447,17.03846153846154,
procedure_07,procedure,1,1024,878,1.0,0.0,127,1.0,0.1240234375,0.60546875,0.3460410557184751,0.20703125,0.4574780058651026,0.5782778864970646,793,0.521484375,0.2437357630979499,13.104477611940299,
procedure_07,procedure,2,1024,882,1.0,0.0,127,1.0,0.1240234375,0.6015625,0.3421309872922776,0.2021484375,0.44281524926686217,0.5547945205479452,753,0.609375,0.23922902494331066,13.164179104477611,
procedure_07,procedure,3,1024,879,1.0,0.0,127,1.0,0.1240234375,0.609375,0.34310850439882695,0.2041015625,0.4467253176930596,0.5606653620352251,756,0.603515625,0.23890784982935154,13.119402985074627,
procedure_08,procedure,0,1024,922,1.0,0.0,0,0.0,1.0,1.0,1.0,0.2138671875,0.44281524926686217,0.5440313111545988,745,0.6494140625,0.24295010845986983,21.441860465116278,
procedure_08,procedure,1,1024,852,1.0,0.0,71,1.0,0.0693359375,0.5068359375,0.24144672531769307,0.1865234375,0.3489736070381232,0.41193737769080235,415,0.765625,0.21948356807511737,12.347826086956522,
procedure_08,procedure,2,1024,779,1.0,0.0,4,1.0,0.00390625,0.341796875,0.10557184750733138,0.17578125,0.2961876832844575,0.3649706457925636,1024,0.7900390625,0.21822849807445444,6.282258064516129,
procedure_08,procedure,3,1024,849,1.0,0.0,62,1.0,0.060546875,0.4951171875,0.23949169110459434,0.205078125,0.4027370478983382,0.487279843444227,526,0.6806640625,0.24381625441696114,11.95774647887324,
procedure_09,procedure,0,1024,822,1.0,0.0,0,0.0,1.0,1.0,1.0,0.26953125,0.6119257086999023,0.799412915851272,1024,0.0390625,0.36253041362530414,9.55813953488372,
procedure_09,procedure,1,1024,808,1.0,0.0,10,1.0,0.009765625,0.61328125,0.38807429130009774,0.283203125,0.624633431085044,0.8082191780821918,1024,0.01953125,0.3811881188118812,9.69047619047619,
procedure_09,procedure,2,1024,876,1.0,0.0,10,1.0,0.009765625,0.3544921875,0.11925708699902249,0.1181640625,0.23362658846529813,0.30724070450097846,501,0.634765625,0.14383561643835616,9.78888888888889,
procedure_09,procedure,3,1024,815,1.0,0.0,10,1.0,0.009765625,0.61328125,0.37341153470185723,0.2626953125,0.5855327468230694,0.7710371819960861,1024,0.064453125,0.34478527607361964,10.012195121951219,
procedure_10,procedure,0,1024,842,1.0,0.0,0,0.0,1.0,1.0,1.0,0.2861328125,0.5610948191593352,0.6761252446183953,912,0.5,0.34560570071258906,7.135593220338983,
procedure_10,procedure,1,1024,847,1.0,0.0,225,1.0,0.2197265625,0.5849609375,0.40762463343108507,0.1572265625,0.28152492668621704,0.34148727984344424,278,0.8193359375,0.18417945690672963,7.4298245614035086,
procedure_10,procedure,2,1024,842,1.0,0.0,247,1.0,0.2412109375,0.7275390625,0.5043988269794721,0.232421875,0.45356793743890517,0.5538160469667319,645,0.5400390625,0.27790973871733965,7.654545454545454,
procedure_10,procedure,3,1024,839,1.0,0.0,247,1.0,0.2412109375,0.7158203125,0.4838709677419355,0.2451171875,0.47409579667644186,0.5684931506849316,661,0.583984375,0.2932061978545888,7.627272727272727,
procedure_11,procedure,0,1024,702,1.0,0.0,0,0.0,1.0,1.0,1.0,0.2666015625,0.49364613880742914,0.649706457925636,1024,0.01953125,0.37464387464387466,4.105263157894737,
procedure_11,procedure,1,1024,752,1.0,0.0,272,1.0,0.265625,0.671875,0.5434995112414467,0.2548828125,0.46432062561094817,0.6007827788649707,1024,0.126953125,0.3337765957446808,4.131868131868132,
procedure_11,procedure,2,1024,820,1.0,0.0,2,1.0,0.001953125,0.3974609375,0.21994134897360704,0.2783203125,0.5366568914956011,0.6379647749510763,745,0.611328125,0.33658536585365856,7.961165048543689,
procedure_11,procedure,3,1024,642,1.0,0.0,267,1.0,0.2607421875,0.53515625,0.4643206256109481,0.2470703125,0.4574780058651026,0.5978473581213307,1024,0.0,0.38006230529595014,2.4692307692307693,
procedure_12,procedure,0,1024,907,1.0,0.0,0,0.0,1.0,1.0,1.0,0.2060546875,0.39296187683284456,0.49412915851272016,1024,0.34375,0.24366041896361632,9.648936170212766,
procedure_12,procedure,1,1024,849,1.0,0.0,2,1.0,0.001953125,0.3369140625,0.09286412512218964,0.244140625,0.47702834799608995,0.576320939334638,657,0.541015625,0.28857479387514723,13.265625,
procedure_12,procedure,2,1024,814,1.0,0.0,2,1.0,0.001953125,0.3251953125,0.14565004887585534,0.1484375,0.2668621700879765,0.3268101761252446,251,0.7744140625,0.1855036855036855,8.306122448979592,
procedure_12,procedure,3,1024,863,1.0,0.0,2,1.0,0.001953125,0.384765625,0.13978494623655913,0.21875,0.43792766373411535,0.5352250489236791,501,0.5810546875,0.2665121668597914,17.612244897959183,
procedure_13,procedure,0,1024,923,1.0,0.0,0,0.0,1.0,1.0,1.0,0.14453125,0.25024437927663734,0.28180039138943247,350,0.8115234375,0.15276273022751896,20.511111111111113,
procedure_13,procedure,1,1024,777,1.0,0.0,131,1.0,0.1279296875,0.3994140625,0.19745845552297164,0.1845703125,0.35288367546432065,0.45401174168297453,1024,0.5546875,0.2187902187902188,9.25,
procedure_13,procedure,2,1024,837,1.0,0.0,4,1.0,0.00390625,0.4345703125,0.15249266862170088,0.216796875,0.41935483870967744,0.525440313111546,560,0.7177734375,0.26045400238948624,8.71875,
procedure_13,procedure,3,1024,917,1.0,0.0,4,1.0,0.00390625,0.619140625,0.3812316715542522,0.1298828125,0.2287390029325513,0.26418786692759294,306,0.7958984375,0.13740458015267176,19.104166666666668,
procedure_14,procedure,0,1024,870,1.0,0.0,0,0.0,1.0,1.0,1.0,0.177734375,0.32746823069403713,0.3659491193737769,413,1.0,0.19425287356321838,10.74074074074074,
procedure_14,procedure,1,1024,838,1.0,0.0,172,1.0,0.16796875,0.564453125,0.36950146627565983,0.259765625,0.5542521994134897,0.6722113502935421,819,0.333984375,0.2935560859188544,19.488372093023255,
procedure_14,procedure,2,1024,861,1.0,0.0,162,1.0,0.158203125,0.8466796875,0.7145650048875855,0.1767578125,0.32942326490713586,0.37573385518590996,433,1.0,0.19628339140534262,10.7625,
procedure_14,procedure,3,1024,855,1.0,0.0,106,1.0,0.103515625,0.5224609375,0.26881720430107525,0.2158203125,0.40371456500488756,0.4774951076320939,512,0.671875,0.25029239766081873,11.4,
reasoning_00,reasoning,0,1024,887,1.0,0.0,0,0.0,1.0,1.0,1.0,0.181640625,0.33528836754643204,0.39823874755381605,254,0.7978515625,0.20067643742953778,20.627906976744185,
reasoning_00,reasoning,1,1024,901,1.0,0.0,31,1.0,0.0302734375,0.673828125,0.45356793743890517,0.19921875,0.4291300097751711,0.5234833659491194,260,0.5771484375,0.23085460599334073,24.35135135135135,
reasoning_00,reasoning,2,1024,891,1.0,0.0,159,1.0,0.1552734375,0.8564453125,0.7644183773216032,0.1767578125,0.32649071358748777,0.38258317025440314,279,0.783203125,0.1941638608305275,20.25,
reasoning_00,reasoning,3,1024,887,1.0,0.0,159,1.0,0.1552734375,0.8349609375,0.7145650048875855,0.1884765625,0.36070381231671556,0.43052837573385516,279,0.703125,0.21082299887260428,20.627906976744185,
reasoning_01,reasoning,0,1024,896,1.0,0.0,0,0.0,1.0,1.0,1.0,0.115234375,0.19257086999022482,0.21526418786692758,283,1.0,0.12611607142857142,22.974358974358974,
reasoning_01,reasoning,1,1024,953,1.0,0.0,0,1.0,0.0,0.4560546875,0.1652003910068426,0.1328125,0.25219941348973607,0.3013698630136986,362,0.693359375,0.13955928646379853,25.756756756756758,
reasoning_01,reasoning,2,1024,924,1.0,0.0,0,1.0,0.0,0.587890625,0.29227761485826004,0.140625,0.26588465298142716,0.30528375733855184,367,1.0,0.15476190476190477,26.4,
reasoning_01,reasoning,3,1024,912,1.0,0.0,0,1.0,0.0,0.6015625,0.3128054740957967,0.12890625,0.2287390029325513,0.2583170254403131,314,1.0,0.1425438596491228,23.384615384615383,
reasoning_02,reasoning,0,1024,893,1.0,0.0,0,0.0,1.0,1.0,1.0,0.181640625,0.35386119257087,0.4158512720156556,526,0.69921875,0.20716685330347145,22.897435897435898,
reasoning_02,reasoning,1,1024,894,1.0,0.0,0,1.0,0.0,0.625,0.40664711632453576,0.146484375,0.30596285434995113,0.3767123287671233,574,0.6455078125,0.17337807606263983,22.923076923076923,
reasoning_02,reasoning,2,1024,902,1.0,0.0,43,1.0,0.0419921875,0.6015625,0.3098729227761486,0.1396484375,0.2541544477028348,0.28864970645792565,374,1.0,0.1541019955654102,20.5,
reasoning_02,reasoning,3,1024,908,1.0,0.0,120,1.0,0.1171875,0.7451171875,0.5356793743890518,0.2060546875,0.41837732160312807,0.5088062622309197,703,0.5283203125,0.2301762114537445,23.894736842105264,
reasoning_03,reasoning,0,1024,885,1.0,0.0,0,0.0,1.0,1.0,1.0,0.248046875,0.46432062561094817,0.5440313111545988,665,0.78515625,0.2711864406779661,26.029411764705884,
reasoning_03,reasoning,1,1024,889,1.0,0.0,291,1.0,0.2841796875,0.9814453125,0.9618768328445748,0.2431640625,0.4574780058651026,0.5342465753424658,655,0.8046875,0.2643419572553431,26.147058823529413,
reasoning_03,reasoning,2,1024,872,1.0,0.0,69,1.0,0.0673828125,0.5146484375,0.2756598240469208,0.2333984375,0.4838709677419355,0.6095890410958904,1006,0.271484375,0.27522935779816515,12.457142857142857,
reasoning_03,reasoning,3,1024,884,1.0,0.0,69,1.0,0.0673828125,0.6650390625,0.42521994134897356,0.2021484375,0.39296187683284456,0.48238747553816047,473,0.7724609375,0.2251131221719457,25.257142857142856,
reasoning_04,reasoning,0,1024,899,1.0,0.0,0,0.0,1.0,1.0,1.0,0.154296875,0.29227761485826004,0.350293542074364,419,0.9443359375,0.1735261401557286,24.2972972972973,
reasoning_04,reasoning,1,1024,892,1.0,0.0,18,1.0,0.017578125,0.7998046875,0.6402737047898338,0.18359375,0.34995112414467255,0.41682974559686886,497,0.841796875,0.20515695067264575,24.77777777777778,
reasoning_04,reasoning,2,1024,899,1.0,0.0,319,1.0,0.3115234375,0.978515625,0.9648093841642229,0.1533203125,0.29423264907135877,0.3522504892367906,421,0.9443359375,0.17018909899888765,24.2972972972973,
reasoning_04,reasoning,3,1024,889,1.0,0.0,18,1.0,0.017578125,0.779296875,0.6383186705767351,0.1767578125,0.3333333333333333,0.3953033268101761,491,0.9150390625,0.20022497187851518,24.694444444444443,
reasoning_05,reasoning,0,1024,910,1.0,0.0,0,0.0,1.0,1.0,1.0,0.1865234375,0.36363636363636365,0.42367906066536204,595,0.90234375,0.2043956043956044,22.75,
reasoning_05,reasoning,1,1024,905,1.0,0.0,209,1.0,0.2041015625,0.8701171875,0.7996089931573802,0.16796875,0.3255131964809384,0.3904109589041096,430,0.916015625,0.1856353591160221,23.81578947368421,
reasoning_05,reasoning,2,1024,911,1.0,0.0,209,1.0,0.2041015625,0.8974609375,0.83088954056696,0.181640625,0.3489736070381232,0.41193737769080235,445,0.8896484375,0.19978046103183314,24.62162162162162,
reasoning_05,reasoning,3,1024,920,1.0,0.0,368,1.0,0.359375,0.775390625,0.5835777126099707,0.240234375,0.4946236559139785,0.598825831702544,538,0.51953125,0.26521739130434785,24.864864864864863,
reasoning_06,reasoning,0,1024,922,1.0,0.0,0,0.0,1.0,1.0,1.0,0.0537109375,0.07331378299120235,0.08317025440313111,115,1.0,0.05639913232104121,16.17543859649123,
reasoning_06,reasoning,1,1024,915,1.0,0.0,46,1.0,0.044921875,0.611328125,0.48289345063538613,0.0732421875,0.11143695014662756,0.1232876712328767,149,1.0,0.07759562841530054,14.296875,
reasoning_06,reasoning,2,1024,915,1.0,0.0,46,1.0,0.044921875,0.611328125,0.48289345063538613,0.0732421875,0.11143695014662756,0.1232876712328767,149,1.0,0.07759562841530054,14.296875,
reasoning_06,reasoning,3,1024,922,1.0,0.0,0,1.0,0.0,0.3837890625,0.13196480938416422,0.13671875,0.24633431085043989,0.2720156555772994,247,1.0,0.14859002169197397,24.263157894736842,
reasoning_07,reasoning,0,1024,907,1.0,0.0,0,0.0,1.0,1.0,1.0,0.2490234375,0.5171065493646139,0.6232876712328768,812,0.541015625,0.2745314222712238,22.121951219512194,
reasoning_07,reasoning,1,1024,887,1.0,0.0,26,1.0,0.025390625,0.6123046875,0.3304007820136852,0.2158203125,0.4125122189638319,0.46966731898238745,281,0.88671875,0.24239007891770012,19.282608695652176,
reasoning_07,reasoning,2,1024,865,1.0,0.0,43,1.0,0.0419921875,0.5205078125,0.29227761485826004,0.220703125,0.4418377321603128,0.5313111545988258,603,0.47265625,0.2543352601156069,12.357142857142858,
reasoning_07,reasoning,3,1024,891,1.0,0.0,0,1.0,0.0,0.5517578125,0.21603128054740958,0.22265625,0.4359726295210166,0.5420743639921722,684,0.716796875,0.25252525252525254,20.25,
reasoning_08,reasoning,0,1024,859,1.0,0.0,0,0.0,1.0,1.0,1.0,0.1826171875,0.3118279569892473,0.34344422700587085,400,1.0,0.20372526193247964,22.605263157894736,
reasoning_08,reasoning,1,1024,867,1.0,0.0,143,1.0,0.1396484375,0.7685546875,0.6265884652981427,0.173828125,0.31085043988269795,0.3512720156555773,409,1.0,0.19953863898500576,24.771428571428572,
reasoning_08,reasoning,2,1024,867,1.0,0.0,143,1.0,0.1396484375,0.7685546875,0.6265884652981427,0.173828125,0.31085043988269795,0.3512720156555773,409,1.0,0.19953863898500576,24.771428571428572,
reasoning_08,reasoning,3,1024,853,1.0,0.0,53,1.0,0.0517578125,0.759765625,0.6001955034213099,0.158203125,0.2649071358748778,0.2896281800391389,342,1.0,0.17819460726846426,20.30952380952381,
reasoning_09,reasoning,0,1024,838,1.0,0.0,0,0.0,1.0,1.0,1.0,0.181640625,0.2961876832844575,0.32778864970645794,390,1.0,0.2100238663484487,17.458333333333332,
reasoning_09,reasoning,1,1024,840,1.0,0.0,76,1.0,0.07421875,0.720703125,0.4731182795698925,0.1513671875,0.2512218963831867,0.2837573385518591,346,1.0,0.1738095238095238,18.666666666666668,
reasoning_09,reasoning,2,1024,838,1.0,0.0,1024,0.0,1.0,1.0,1.0,0.181640625,0.2961876832844575,0.32778864970645794,390,1.0,0.2100238663484487,17.458333333333332,
reasoning_09,reasoning,3,1024,823,1.0,0.0,28,1.0,0.02734375,0.63671875,0.3831867057673509,0.181640625,0.3343108504398827,0.3904109589041096,484,1.0,0.212636695018226,18.288888888888888,
reasoning_10,reasoning,0,1024,885,1.0,0.0,0,0.0,1.0,1.0,1.0,0.1513671875,0.29227761485826004,0.34540117416829746,389,0.9365234375,0.17401129943502824,23.289473684210527,
reasoning_10,reasoning,1,1024,886,1.0,0.0,0,1.0,0.0,0.6513671875,0.4046920821114369,0.193359375,0.3890518084066471,0.45499021526418787,353,0.8271484375,0.22234762979683972,22.15,
reasoning_10,reasoning,2,1024,890,1.0,0.0,0,1.0,0.0,0.6162109375,0.32160312805474095,0.2197265625,0.4467253176930596,0.5430528375733855,462,0.6376953125,0.23820224719101124,26.176470588235293,
reasoning_10,reasoning,3,1024,856,1.0,0.0,0,1.0,0.0,0.65625,0.38514173998044965,0.2041015625,0.3870967741935484,0.4344422700587084,400,0.8681640625,0.24299065420560748,21.4,
reasoning_11,reasoning,0,1024,921,1.0,0.0,0,0.0,1.0,1.0,1.0,0.1494140625,0.26392961876832843,0.2984344422700587,357,1.0,0.15418023887079263,21.41860465116279,
reasoning_11,reasoning,1,1024,916,1.0,0.0,73,1.0,0.0712890625,0.9345703125,0.8856304985337243,0.1416015625,0.2482893450635386,0.2837573385518591,339,1.0,0.14519650655021835,19.91304347826087,
reasoning_11,reasoning,2,1024,916,1.0,0.0,73,1.0,0.0712890625,0.9326171875,0.8856304985337243,0.140625,0.24731182795698925,0.2827788649706458,340,1.0,0.14410480349344978,19.91304347826087,
reasoning_11,reasoning,3,1024,906,1.0,0.0,0,1.0,0.0,0.5732421875,0.27956989247311825,0.16015625,0.32453567937438904,0.38943248532289626,470,0.9326171875,0.17549668874172186,23.842105263157894,
reasoning_12,reasoning,0,1024,892,1.0,0.0,0,0.0,1.0,1.0,1.0,0.259765625,0.5327468230694037,0.6477495107632094,344,0.392578125,0.3060538116591928,22.871794871794872,
reasoning_12,reasoning,1,1024,871,1.0,0.0,210,1.0,0.205078125,0.6689453125,0.4555229716520039,0.1787109375,0.33822091886608013,0.3923679060665362,353,1.0,0.2020665901262916,21.24390243902439,
reasoning_12,reasoning,2,1024,891,1.0,0.0,373,1.0,0.3642578125,0.9912109375,0.9882697947214076,0.2568359375,0.5288367546432062,0.6457925636007827,344,0.392578125,0.3041526374859708,22.275,
reasoning_12,reasoning,3,1024,882,1.0,0.0,373,1.0,0.3642578125,0.8388671875,0.7204301075268817,0.2587890625,0.5298142717497556,0.6457925636007827,344,0.3583984375,0.31065759637188206,22.615384615384617,
reasoning_13,reasoning,0,1024,937,1.0,0.0,0,0.0,1.0,1.0,1.0,0.1298828125,0.2697947214076246,0.33268101761252444,515,1.0,0.13980789754535752,23.425,
reasoning_13,reasoning,1,1024,946,1.0,0.0,65,1.0,0.0634765625,0.75390625,0.5777126099706745,0.1826171875,0.364613880742913,0.4608610567514677,352,0.6396484375,0.1945031712473573,27.823529411764707,
reasoning_13,reasoning,2,1024,937,1.0,0.0,65,1.0,0.0634765625,0.998046875,0.9960899315738025,0.1298828125,0.270772238514174,0.3336594911937378,516,1.0,0.13980789754535752,23.425,
reasoning_13,reasoning,3,1024,926,1.0,0.0,265,1.0,0.2587890625,0.8896484375,0.8123167155425219,0.126953125,0.2541544477028348,0.30528375733855184,457,1.0,0.13606911447084233,24.36842105263158,
reasoning_14,reasoning,0,1024,884,1.0,0.0,0,0.0,1.0,1.0,1.0,0.166015625,0.3098729227761486,0.34148727984344424,433,1.0,0.18552036199095023,22.1,
reasoning_14,reasoning,1,1024,900,1.0,0.0,14,1.0,0.013671875,0.578125,0.28934506353861195,0.19921875,0.39296187683284456,0.48140900195694714,626,0.673828125,0.22555555555555556,24.324324324324323,
reasoning_14,reasoning,2,1024,908,1.0,0.0,44,1.0,0.04296875,0.6708984375,0.4389051808406647,0.15625,0.2844574780058651,0.32289628180039137,305,1.0,0.1685022026431718,25.942857142857143,
reasoning_14,reasoning,3,1024,890,1.0,0.0,119,1.0,0.1162109375,0.8271484375,0.7086999022482894,0.1826171875,0.34408602150537637,0.38258317025440314,470,1.0,0.19775280898876405,19.77777777777778,
reasoning_15,reasoning,0,1024,928,1.0,0.0,0,0.0,1.0,1.0,1.0,0.17578125,0.36363636363636365,0.4246575342465753,486,0.8662109375,0.1875,24.473684210526315,
reasoning_15,reasoning,1,1024,932,1.0,0.0,215,1.0,0.2099609375,0.9521484375,0.9286412512218962,0.17578125,0.36656891495601174,0.42759295499021527,492,0.8525390625,0.18776824034334763,24.57894736842105,
reasoning_15,reasoning,2,1024,951,1.0,0.0,23,1.0,0.0224609375,0.642578125,0.31378299120234604,0.1787109375,0.36852394916911047,0.4471624266144814,291,0.798828125,0.19453207150368035,24.384615384615383,
reasoning_15,reasoning,3,1024,926,1.0,0.0,247,1.0,0.2412109375,0.916015625,0.8621700879765395,0.1904296875,0.3890518084066471,0.4500978473581213,503,0.8310546875,0.20302375809935205,25.027027027027028,
reasoning_16,reasoning,0,1024,891,1.0,0.0,0,0.0,1.0,1.0,1.0,0.2021484375,0.40762463343108507,0.512720156555773,516,0.669921875,0.2244668911335578,19.8,
reasoning_16,reasoning,1,1024,921,1.0,0.0,46,1.0,0.044921875,0.6416015625,0.3577712609970675,0.1865234375,0.37732160312805474,0.4500978473581213,605,0.85546875,0.1986970684039088,23.615384615384617,
reasoning_16,reasoning,2,1024,892,1.0,0.0,284,1.0,0.27734375,0.951171875,0.9227761485826002,0.205078125,0.40860215053763443,0.5117416829745597,510,0.6396484375,0.22869955156950672,19.391304347826086,
reasoning_16,reasoning,3,1024,894,1.0,0.0,58,1.0,0.056640625,0.716796875,0.49364613880742914,0.1552734375,0.27663734115347016,0.3219178082191781,400,1.0,0.174496644295302,23.526315789473685,
reasoning_17,reasoning,0,1024,933,1.0,0.0,0,0.0,1.0,1.0,1.0,0.1865234375,0.36852394916911047,0.44422700587084146,635,0.8408203125,0.19506966773847803,27.441176470588236,
reasoning_17,reasoning,1,1024,935,1.0,0.0,94,1.0,0.091796875,0.6845703125,0.4750733137829912,0.1748046875,0.3616813294232649,0.4637964774951076,535,0.6416015625,0.19037433155080213,25.27027027027027,
reasoning_17,reasoning,2,1024,928,1.0,0.0,94,1.0,0.091796875,0.736328125,0.5454545454545454,0.1640625,0.32160312805474095,0.3943248532289628,514,0.884765625,0.17672413793103448,25.77777777777778,
reasoning_17,reasoning,3,1024,926,1.0,0.0,94,1.0,0.091796875,0.759765625,0.5689149560117303,0.1689453125,0.3284457478005865,0.39823874755381605,504,0.9111328125,0.17926565874730022,25.027027027027028,
reasoning_18,reasoning,0,1024,858,1.0,0.0,0,0.0,1.0,1.0,1.0,0.279296875,0.5689149560117303,0.6947162426614482,924,0.26953125,0.3146853146853147,15.052631578947368,
reasoning_18,reasoning,1,1024,872,1.0,0.0,204,1.0,0.19921875,0.775390625,0.5904203323558163,0.296875,0.624633431085044,0.7778864970645792,1024,0.07421875,0.33715596330275227,16.452830188679247,
reasoning_18,reasoning,2,1024,862,1.0,0.0,176,1.0,0.171875,0.79296875,0.6695992179863147,0.255859375,0.5053763440860215,0.62426614481409,905,0.4208984375,0.28306264501160094,14.862068965517242,
reasoning_18,reasoning,3,1024,868,1.0,0.0,37,1.0,0.0361328125,0.6513671875,0.3587487781036168,0.3935546875,0.7429130009775171,0.8610567514677103,1023,0.0390625,0.43663594470046085,16.37735849056604,
reasoning_19,reasoning,0,1024,894,1.0,0.0,0,0.0,1.0,1.0,1.0,0.1806640625,0.3411534701857282,0.3913894324853229,431,0.98828125,0.19686800894854586,18.625,
reasoning_19,reasoning,1,1024,903,1.0,0.0,157,1.0,0.1533203125,0.705078125,0.5151515151515151,0.197265625,0.41642228739002934,0.5146771037181996,466,0.673828125,0.2336655592469546,17.365384615384617,
reasoning_19,reasoning,2,1024,900,1.0,0.0,157,1.0,0.1533203125,0.7119140625,0.5161290322580645,0.1904296875,0.4027370478983382,0.5,460,0.6650390625,0.2222222222222222,16.666666666666668,
reasoning_19,reasoning,3,1024,917,1.0,0.0,233,1.0,0.2275390625,0.7587890625,0.6119257086999023,0.2060546875,0.4252199413489736,0.5156555772994129,525,0.611328125,0.22900763358778625,19.104166666666668,
